name,phone,address,city,state,zip,website,category_type,categories,rating,review_count,source,date_found
13 Prime Steak,(559) 216-1313,"1345 N Willow Ave, Ste 190, Clovis, CA 93619",Clovis,CA,93619,https://www.yelp.com/biz/13-prime-steak-clovis-3?adjust_creative=BkJcGSdN3A98X2H7gLpQjA&utm_campaign=yelp_api_v3&utm_medium=api_v3_business_search&utm_source=BkJcGSdN3A98X2H7gLpQjA,bar,"Steakhouses, Cocktail Bars",4.3,672,Yelp,2026-07-02
Dead Rat Saloon,(559) 769-2095,"19414 Ave 344, Woodlake, CA 93286",Woodlake,CA,93286,https://www.yelp.com/biz/dead-rat-saloon-woodlake-2?adjust_creative=BkJcGSdN3A98X2H7gLpQjA&utm_campaign=yelp_api_v3&utm_medium=api_v3_business_search&utm_source=BkJcGSdN3A98X2H7gLpQjA,bar,Dive Bars,4.5,15,Yelp,2026-07-02
Mammoth Rock Brasserie,(760) 934-4200,"3029 Chateau Rd, Mammoth Lakes, CA 93546",Mammoth Lakes,CA,93546,https://www.yelp.com/biz/mammoth-rock-brasserie-mammoth-lakes-2?adjust_creative=BkJcGSdN3A98X2H7gLpQjA&utm_campaign=yelp_api_v3&utm_medium=api_v3_business_search&utm_source=BkJcGSdN3A98X2H7gLpQjA,bar,"Brasseries, Bars, French",4.4,509,Yelp,2026-07-02
Bravo Farms Traver,(559) 897-5762,"36005 Hwy 99, Traver, CA 93673",Traver,CA,93673,https://www.yelp.com/biz/bravo-farms-traver-traver-2?adjust_creative=BkJcGSdN3A98X2H7gLpQjA&utm_campaign=yelp_api_v3&utm_medium=api_v3_business_search&utm_source=BkJcGSdN3A98X2H7gLpQjA,bar,"Cheese Shops, Barbeque, Chocolatiers & Shops",3.8,727,Yelp,2026-07-02
Downtown Rookies Sports Bar,(559) 732-1200,"215 E Main St, Visalia, CA 93291",Visalia,CA,93291,https://www.yelp.com/biz/downtown-rookies-sports-bar-visalia?adjust_creative=BkJcGSdN3A98X2H7gLpQjA&utm_campaign=yelp_api_v3&utm_medium=api_v3_business_search&utm_source=BkJcGSdN3A98X2H7gLpQjA,bar,Sports Bars,2.9,179,Yelp,2026-07-02
Eureka!,(559) 578-8879,"950 Herndon Ave, Clovis, CA 93612",Clovis,CA,93612,https://www.yelp.com/biz/eureka-clovis-2?adjust_creative=BkJcGSdN3A98X2H7gLpQjA&utm_campaign=yelp_api_v3&utm_medium=api_v3_business_search&utm_source=BkJcGSdN3A98X2H7gLpQjA,bar,"American, Cocktail Bars, Burgers",4.0,204,Yelp,2026-07-02
Harmony Brazilian Steakhouse & Bar,(310) 359-3400,"106 Old Mammoth Rd, Mammoth Lakes, CA 93546",Mammoth Lakes,CA,93546,https://www.yelp.com/biz/harmony-brazilian-steakhouse-and-bar-mammoth-lakes?adjust_creative=BkJcGSdN3A98X2H7gLpQjA&utm_campaign=yelp_api_v3&utm_medium=api_v3_business_search&utm_source=BkJcGSdN3A98X2H7gLpQjA,bar,"Brazilian, Steakhouses, Cocktail Bars",4.4,232,Yelp,2026-07-02
Dog House Grill,(559) 294-9920,"2789 E Shaw Ave, Fresno, CA 93710",Fresno,CA,93710,https://www.yelp.com/biz/dog-house-grill-fresno-2?adjust_creative=BkJcGSdN3A98X2H7gLpQjA&utm_campaign=yelp_api_v3&utm_medium=api_v3_business_search&utm_source=BkJcGSdN3A98X2H7gLpQjA,bar,"Sports Bars, American, Barbeque",4.2,2972,Yelp,2026-07-02
Mammoth Rock Brasserie,(760) 934-4200,"3029 Chateau Rd, Mammoth Lakes, CA 93546",Mammoth Lakes,CA,93546,https://www.yelp.com/biz/mammoth-rock-brasserie-mammoth-lakes-2?adjust_creative=BkJcGSdN3A98X2H7gLpQjA&utm_campaign=yelp_api_v3&utm_medium=api_v3_business_search&utm_source=BkJcGSdN3A98X2H7gLpQjA,bar,"Brasseries, Bars, French",4.4,509,Yelp,2026-07-02
Blue Heron Restaurant & Yosemite Grill,(559) 517-3467,"30250 Yosemite Springs Pkwy, Coarsegold, CA 93614",Coarsegold,CA,93614,https://www.yelp.com/biz/blue-heron-restaurant-and-yosemite-grill-coarsegold?adjust_creative=BkJcGSdN3A98X2H7gLpQjA&utm_campaign=yelp_api_v3&utm_medium=api_v3_business_search&utm_source=BkJcGSdN3A98X2H7gLpQjA,bar,"American, Bars, Venues & Event Spaces",4.3,124,Yelp,2026-07-02
Elderwood,(559) 713-2114,"210 N Court St, Visalia, CA 93291",Visalia,CA,93291,https://www.yelp.com/biz/elderwood-visalia?adjust_creative=BkJcGSdN3A98X2H7gLpQjA&utm_campaign=yelp_api_v3&utm_medium=api_v3_business_search&utm_source=BkJcGSdN3A98X2H7gLpQjA,bar,"Cocktail Bars, New American",4.0,562,Yelp,2026-07-02
Grounds Restaurant,(209) 728-8663,"402 Main St, Ste A, Murphys, CA 95247",Murphys,CA,95247,https://www.yelp.com/biz/grounds-restaurant-murphys-3?adjust_creative=BkJcGSdN3A98X2H7gLpQjA&utm_campaign=yelp_api_v3&utm_medium=api_v3_business_search&utm_source=BkJcGSdN3A98X2H7gLpQjA,bar,"New American, Breakfast & Brunch, Cocktail Bars",4.0,603,Yelp,2026-07-02
"V Restaurant, Bistro & Bar",(209) 728-9944,"402 Main St, Ste L, Murphys, CA 95247",Murphys,CA,95247,https://www.yelp.com/biz/v-restaurant-bistro-and-bar-murphys-2?adjust_creative=BkJcGSdN3A98X2H7gLpQjA&utm_campaign=yelp_api_v3&utm_medium=api_v3_business_search&utm_source=BkJcGSdN3A98X2H7gLpQjA,bar,"New American, Cocktail Bars, Breakfast & Brunch",3.9,603,Yelp,2026-07-02
The Armory,(209) 694-3158,"208 S Green St, Sonora, CA 95370",Sonora,CA,95370,https://www.yelp.com/biz/the-armory-no-title?adjust_creative=BkJcGSdN3A98X2H7gLpQjA&utm_campaign=yelp_api_v3&utm_medium=api_v3_business_search&utm_source=BkJcGSdN3A98X2H7gLpQjA,bar,"Venues & Event Spaces, Cocktail Bars, American",4.3,334,Yelp,2026-07-02
The Ranch,(559) 732-6439,"604 W Murray Ave, Visalia, CA 93291",Visalia,CA,93291,https://www.yelp.com/biz/the-ranch-visalia?adjust_creative=BkJcGSdN3A98X2H7gLpQjA&utm_campaign=yelp_api_v3&utm_medium=api_v3_business_search&utm_source=BkJcGSdN3A98X2H7gLpQjA,bar,"Lounges, Steakhouses, Seafood",3.7,67,Yelp,2026-07-02
Mochuelo,(559) 348-5555,"2305 W Shaw Ave, Fresno, CA 93711",Fresno,CA,93711,https://www.yelp.com/biz/mochuelo-fresno?adjust_creative=BkJcGSdN3A98X2H7gLpQjA&utm_campaign=yelp_api_v3&utm_medium=api_v3_business_search&utm_source=BkJcGSdN3A98X2H7gLpQjA,bar,"Tapas/Small Plates, Spanish, Cocktail Bars",4.5,537,Yelp,2026-07-02
Mochuelo,(559) 348-5555,"2305 W Shaw Ave, Fresno, CA 93711",Fresno,CA,93711,https://www.yelp.com/biz/mochuelo-fresno?adjust_creative=BkJcGSdN3A98X2H7gLpQjA&utm_campaign=yelp_api_v3&utm_medium=api_v3_business_search&utm_source=BkJcGSdN3A98X2H7gLpQjA,bar,"Tapas/Small Plates, Spanish, Cocktail Bars",4.5,537,Yelp,2026-07-02
Mochuelo,(559) 348-5555,"2305 W Shaw Ave, Fresno, CA 93711",Fresno,CA,93711,https://www.yelp.com/biz/mochuelo-fresno?adjust_creative=BkJcGSdN3A98X2H7gLpQjA&utm_campaign=yelp_api_v3&utm_medium=api_v3_business_search&utm_source=BkJcGSdN3A98X2H7gLpQjA,bar,"Tapas/Small Plates, Spanish, Cocktail Bars",4.5,537,Yelp,2026-07-02
Pismo's Coastal Grill,(559) 439-9463,"7937 N Blackstone Ave, Fresno, CA 93720",Fresno,CA,93720,https://www.yelp.com/biz/pismos-coastal-grill-fresno?adjust_creative=BkJcGSdN3A98X2H7gLpQjA&utm_campaign=yelp_api_v3&utm_medium=api_v3_business_search&utm_source=BkJcGSdN3A98X2H7gLpQjA,bar,"Seafood, Bars, New American",3.9,2520,Yelp,2026-07-02
Buckhorn Saloon,(559) 877-8700,"32992 Rd 222, North Fork, CA 93643",North Fork,CA,93643,https://www.yelp.com/biz/buckhorn-saloon-north-fork?adjust_creative=BkJcGSdN3A98X2H7gLpQjA&utm_campaign=yelp_api_v3&utm_medium=api_v3_business_search&utm_source=BkJcGSdN3A98X2H7gLpQjA,bar,"American, Pubs",3.9,52,Yelp,2026-07-02
The Elderberry House,(559) 683-6800,"48688 Victoria Ln, Oakhurst, CA 93644",Oakhurst,CA,93644,https://www.yelp.com/biz/the-elderberry-house-oakhurst-2?adjust_creative=BkJcGSdN3A98X2H7gLpQjA&utm_campaign=yelp_api_v3&utm_medium=api_v3_business_search&utm_source=BkJcGSdN3A98X2H7gLpQjA,bar,"French, Cocktail Bars, New American",4.5,343,Yelp,2026-07-02
The Elderberry House,(559) 683-6800,"48688 Victoria Ln, Oakhurst, CA 93644",Oakhurst,CA,93644,https://www.yelp.com/biz/the-elderberry-house-oakhurst-2?adjust_creative=BkJcGSdN3A98X2H7gLpQjA&utm_campaign=yelp_api_v3&utm_medium=api_v3_business_search&utm_source=BkJcGSdN3A98X2H7gLpQjA,bar,"French, Cocktail Bars, New American",4.5,343,Yelp,2026-07-02
Smokehouse 41,(559) 642-2271,"40713 Hwy 41, Oakhurst, CA 93644",Oakhurst,CA,93644,https://www.yelp.com/biz/smokehouse-41-oakhurst?adjust_creative=BkJcGSdN3A98X2H7gLpQjA&utm_campaign=yelp_api_v3&utm_medium=api_v3_business_search&utm_source=BkJcGSdN3A98X2H7gLpQjA,bar,"Barbeque, Smokehouse, Sandwiches",4.5,1070,Yelp,2026-07-02
Bog House Pub,(559) 261-4994,"7089 N Marks Ave, Ste 109, Fresno, CA 93711",Fresno,CA,93711,https://www.yelp.com/biz/bog-house-pub-fresno?adjust_creative=BkJcGSdN3A98X2H7gLpQjA&utm_campaign=yelp_api_v3&utm_medium=api_v3_business_search&utm_source=BkJcGSdN3A98X2H7gLpQjA,bar,Pubs,4.4,50,Yelp,2026-07-02
13 Prime Steak,(559) 216-1313,"1345 N Willow Ave, Ste 190, Clovis, CA 93619",Clovis,CA,93619,https://www.yelp.com/biz/13-prime-steak-clovis-3?adjust_creative=BkJcGSdN3A98X2H7gLpQjA&utm_campaign=yelp_api_v3&utm_medium=api_v3_business_search&utm_source=BkJcGSdN3A98X2H7gLpQjA,bar,"Steakhouses, Cocktail Bars",4.3,672,Yelp,2026-07-02
13 Prime Steak,(559) 216-1313,"1345 N Willow Ave, Ste 190, Clovis, CA 93619",Clovis,CA,93619,https://www.yelp.com/biz/13-prime-steak-clovis-3?adjust_creative=BkJcGSdN3A98X2H7gLpQjA&utm_campaign=yelp_api_v3&utm_medium=api_v3_business_search&utm_source=BkJcGSdN3A98X2H7gLpQjA,bar,"Steakhouses, Cocktail Bars",4.3,672,Yelp,2026-07-02
South Gate Brewing Company,(559) 692-2739,"40233 Enterprise Dr, Oakhurst, CA 93644",Oakhurst,CA,93644,https://www.yelp.com/biz/south-gate-brewing-company-oakhurst-4?adjust_creative=BkJcGSdN3A98X2H7gLpQjA&utm_campaign=yelp_api_v3&utm_medium=api_v3_business_search&utm_source=BkJcGSdN3A98X2H7gLpQjA,bar,"American, Brewpubs, Tapas/Small Plates",4.1,1836,Yelp,2026-07-02
Oakhurst Grill and Whiskey 41 Lounge,(559) 641-2477,"40530 Hwy 41, Oakhurst, CA 93644",Oakhurst,CA,93644,https://www.yelp.com/biz/oakhurst-grill-and-whiskey-41-lounge-oakhurst?adjust_creative=BkJcGSdN3A98X2H7gLpQjA&utm_campaign=yelp_api_v3&utm_medium=api_v3_business_search&utm_source=BkJcGSdN3A98X2H7gLpQjA,bar,"New American, Lounges",4.1,532,Yelp,2026-07-02
Vulcania,(760) 934-0669,"6201 Minaret Rd, Ste 240, Mammoth Lakes, CA 93546",Mammoth Lakes,CA,93546,https://www.yelp.com/biz/vulcania-mammoth-lakes-2?adjust_creative=BkJcGSdN3A98X2H7gLpQjA&utm_campaign=yelp_api_v3&utm_medium=api_v3_business_search&utm_source=BkJcGSdN3A98X2H7gLpQjA,bar,"Italian, Cocktail Bars",3.6,528,Yelp,2026-07-02
South Gate Brewing Company,(559) 692-2739,"40233 Enterprise Dr, Oakhurst, CA 93644",Oakhurst,CA,93644,https://www.yelp.com/biz/south-gate-brewing-company-oakhurst-4?adjust_creative=BkJcGSdN3A98X2H7gLpQjA&utm_campaign=yelp_api_v3&utm_medium=api_v3_business_search&utm_source=BkJcGSdN3A98X2H7gLpQjA,bar,"American, Brewpubs, Tapas/Small Plates",4.1,1836,Yelp,2026-07-02
South Gate Brewing Company,(559) 692-2739,"40233 Enterprise Dr, Oakhurst, CA 93644",Oakhurst,CA,93644,https://www.yelp.com/biz/south-gate-brewing-company-oakhurst-4?adjust_creative=BkJcGSdN3A98X2H7gLpQjA&utm_campaign=yelp_api_v3&utm_medium=api_v3_business_search&utm_source=BkJcGSdN3A98X2H7gLpQjA,bar,"American, Brewpubs, Tapas/Small Plates",4.1,1836,Yelp,2026-07-02
Del Pacifico Seafood Restaurant,(559) 372-7069,"907 N Court St, Visalia, CA 93291",Visalia,CA,93291,https://www.yelp.com/biz/del-pacifico-seafood-restaurant-visalia?adjust_creative=BkJcGSdN3A98X2H7gLpQjA&utm_campaign=yelp_api_v3&utm_medium=api_v3_business_search&utm_source=BkJcGSdN3A98X2H7gLpQjA,bar,"Seafood, Tacos, Cocktail Bars",5.0,1,Yelp,2026-07-02
Ruth's Chris Steak House,(559) 490-0358,"7844 N Blackstone Ave, Fresno, CA 93720",Fresno,CA,93720,https://www.yelp.com/biz/ruths-chris-steak-house-fresno-2?adjust_creative=BkJcGSdN3A98X2H7gLpQjA&utm_campaign=yelp_api_v3&utm_medium=api_v3_business_search&utm_source=BkJcGSdN3A98X2H7gLpQjA,bar,"Steakhouses, Seafood, Wine Bars",3.7,709,Yelp,2026-07-02
Mochuelo,(559) 348-5555,"2305 W Shaw Ave, Fresno, CA 93711",Fresno,CA,93711,https://www.yelp.com/biz/mochuelo-fresno?adjust_creative=BkJcGSdN3A98X2H7gLpQjA&utm_campaign=yelp_api_v3&utm_medium=api_v3_business_search&utm_source=BkJcGSdN3A98X2H7gLpQjA,bar,"Tapas/Small Plates, Spanish, Cocktail Bars",4.5,537,Yelp,2026-07-02
Richard's Prime Rib and Seafood,(559) 266-4077,"1609 E Belmont Ave, Fresno, CA 93701",Fresno,CA,93701,https://www.yelp.com/biz/richards-prime-rib-and-seafood-fresno?adjust_creative=BkJcGSdN3A98X2H7gLpQjA&utm_campaign=yelp_api_v3&utm_medium=api_v3_business_search&utm_source=BkJcGSdN3A98X2H7gLpQjA,bar,"Steakhouses, Seafood, Cocktail Bars",3.9,380,Yelp,2026-07-02
Mammoth Rock Brasserie,(760) 934-4200,"3029 Chateau Rd, Mammoth Lakes, CA 93546",Mammoth Lakes,CA,93546,https://www.yelp.com/biz/mammoth-rock-brasserie-mammoth-lakes-2?adjust_creative=BkJcGSdN3A98X2H7gLpQjA&utm_campaign=yelp_api_v3&utm_medium=api_v3_business_search&utm_source=BkJcGSdN3A98X2H7gLpQjA,bar,"Brasseries, Bars, French",4.4,509,Yelp,2026-07-02
The Valley Tavern,(415) 285-0674,"4054 24th St, San Francisco, CA 94114",San Francisco,CA,94114,https://www.yelp.com/biz/the-valley-tavern-san-francisco?adjust_creative=BkJcGSdN3A98X2H7gLpQjA&utm_campaign=yelp_api_v3&utm_medium=api_v3_business_search&utm_source=BkJcGSdN3A98X2H7gLpQjA,bar,"Pubs, Sports Bars",4.0,336,Yelp,2026-07-02
Mochuelo,(559) 348-5555,"2305 W Shaw Ave, Fresno, CA 93711",Fresno,CA,93711,https://www.yelp.com/biz/mochuelo-fresno?adjust_creative=BkJcGSdN3A98X2H7gLpQjA&utm_campaign=yelp_api_v3&utm_medium=api_v3_business_search&utm_source=BkJcGSdN3A98X2H7gLpQjA,bar,"Tapas/Small Plates, Spanish, Cocktail Bars",4.5,537,Yelp,2026-07-02
Little Leaf Bar,(559) 261-2699,"6011 N Palm, Fresno, CA 93704",Fresno,CA,93704,https://www.yelp.com/biz/little-leaf-bar-fresno-2?adjust_creative=BkJcGSdN3A98X2H7gLpQjA&utm_campaign=yelp_api_v3&utm_medium=api_v3_business_search&utm_source=BkJcGSdN3A98X2H7gLpQjA,bar,"Lounges, Asian Fusion",4.3,79,Yelp,2026-07-02
Starlite,(415) 395-8520,"450 Powell St, Beacon Grand, San Francisco, CA 94108",San Francisco,CA,94108,https://www.yelp.com/biz/starlite-san-francisco?adjust_creative=BkJcGSdN3A98X2H7gLpQjA&utm_campaign=yelp_api_v3&utm_medium=api_v3_business_search&utm_source=BkJcGSdN3A98X2H7gLpQjA,bar,"Cocktail Bars, Lounges, Venues & Event Spaces",4.1,203,Yelp,2026-07-02
Dunsmoor,(323) 686-6027,"3501 Eagle Rock Blvd, Los Angeles, CA 90065",Los Angeles,CA,90065,https://www.yelp.com/biz/dunsmoor-los-angeles?adjust_creative=BkJcGSdN3A98X2H7gLpQjA&utm_campaign=yelp_api_v3&utm_medium=api_v3_business_search&utm_source=BkJcGSdN3A98X2H7gLpQjA,bar,"American, Wine Bars, Beer Bar",4.3,595,Yelp,2026-07-02
The Seventh House,(619) 310-5614,"2835 University Ave, San Diego, CA 92104",San Diego,CA,92104,https://www.yelp.com/biz/the-seventh-house-san-diego-4?adjust_creative=BkJcGSdN3A98X2H7gLpQjA&utm_campaign=yelp_api_v3&utm_medium=api_v3_business_search&utm_source=BkJcGSdN3A98X2H7gLpQjA,bar,"Lounges, Speakeasies, Cocktail Bars",3.9,547,Yelp,2026-07-02
The Tavern at Firefall Ranch,(209) 379-6820,"24025 CA-120, Groveland, CA 95321",Groveland,CA,95321,https://www.yelp.com/biz/the-tavern-at-firefall-ranch-groveland?adjust_creative=BkJcGSdN3A98X2H7gLpQjA&utm_campaign=yelp_api_v3&utm_medium=api_v3_business_search&utm_source=BkJcGSdN3A98X2H7gLpQjA,bar,"Cocktail Bars, Breakfast & Brunch, American",4.4,19,Yelp,2026-07-02
Australian Hotel,+61747226999,"11 Palmer St, South Townsville Queensland 4810, Australia",South Townsville,QLD,4810,https://www.yelp.com/biz/australian-hotel-south-townsville?adjust_creative=BkJcGSdN3A98X2H7gLpQjA&utm_campaign=yelp_api_v3&utm_medium=api_v3_business_search&utm_source=BkJcGSdN3A98X2H7gLpQjA,bar,"Bars, Australian",4.0,3,Yelp,2026-07-02
The Guest House,(323) 660-9930,"1750 Hillhurst Ave, Los Angeles, CA 90027",Los Angeles,CA,90027,https://www.yelp.com/biz/the-guest-house-los-angeles-3?adjust_creative=BkJcGSdN3A98X2H7gLpQjA&utm_campaign=yelp_api_v3&utm_medium=api_v3_business_search&utm_source=BkJcGSdN3A98X2H7gLpQjA,bar,"Cocktail Bars, New American, Venues & Event Spaces",4.2,433,Yelp,2026-07-02
Simply Tops Seafood Bar,+61747723028,"9 Palmer St,, Shop 2, South Townsville Queensland 4810, Australia",South Townsville,QLD,4810,https://www.yelp.com/biz/simply-tops-seafood-bar-south-townsville-2?adjust_creative=BkJcGSdN3A98X2H7gLpQjA&utm_campaign=yelp_api_v3&utm_medium=api_v3_business_search&utm_source=BkJcGSdN3A98X2H7gLpQjA,bar,"Bars, Seafood",4.1,8,Yelp,2026-07-02
Mammoth Rock Brasserie,(760) 934-4200,"3029 Chateau Rd, Mammoth Lakes, CA 93546",Mammoth Lakes,CA,93546,https://www.yelp.com/biz/mammoth-rock-brasserie-mammoth-lakes-2?adjust_creative=BkJcGSdN3A98X2H7gLpQjA&utm_campaign=yelp_api_v3&utm_medium=api_v3_business_search&utm_source=BkJcGSdN3A98X2H7gLpQjA,bar,"Brasseries, Bars, French",4.4,509,Yelp,2026-07-02
The Green Room,(818) 962-4446,"1250 E Harvard Rd, Burbank, CA 91501",Burbank,CA,91501,https://www.yelp.com/biz/the-green-room-burbank?adjust_creative=BkJcGSdN3A98X2H7gLpQjA&utm_campaign=yelp_api_v3&utm_medium=api_v3_business_search&utm_source=BkJcGSdN3A98X2H7gLpQjA,bar,"Cocktail Bars, Lounges, Venues & Event Spaces",4.6,681,Yelp,2026-07-02
Hemlock Restaurant & Bar,(559) 566-2323,"48800 Royal Oaks Dr, Oakhurst, CA 93644",Oakhurst,CA,93644,https://www.yelp.com/biz/hemlock-restaurant-and-bar-oakhurst?adjust_creative=BkJcGSdN3A98X2H7gLpQjA&utm_campaign=yelp_api_v3&utm_medium=api_v3_business_search&utm_source=BkJcGSdN3A98X2H7gLpQjA,bar,"Bars, New American",4.4,32,Yelp,2026-07-02
Little Leaf Bar,(559) 261-2699,"6011 N Palm, Fresno, CA 93704",Fresno,CA,93704,https://www.yelp.com/biz/little-leaf-bar-fresno-2?adjust_creative=BkJcGSdN3A98X2H7gLpQjA&utm_campaign=yelp_api_v3&utm_medium=api_v3_business_search&utm_source=BkJcGSdN3A98X2H7gLpQjA,bar,"Lounges, Asian Fusion",4.3,79,Yelp,2026-07-02
Horseshoe Tavern,(415) 346-1430,"2024 Chestnut St, San Francisco, CA 94123",San Francisco,CA,94123,https://www.yelp.com/biz/horseshoe-tavern-san-francisco?adjust_creative=BkJcGSdN3A98X2H7gLpQjA&utm_campaign=yelp_api_v3&utm_medium=api_v3_business_search&utm_source=BkJcGSdN3A98X2H7gLpQjA,bar,"Pubs, Lounges",3.9,313,Yelp,2026-07-02
Flynns Irish Bar & Bistro,+61747211655,"101 Flinders St, Townsville Queensland 4810, Australia",Townsville,QLD,4810,https://www.yelp.com/biz/flynns-irish-bar-and-bistro-townsville?adjust_creative=BkJcGSdN3A98X2H7gLpQjA&utm_campaign=yelp_api_v3&utm_medium=api_v3_business_search&utm_source=BkJcGSdN3A98X2H7gLpQjA,bar,"Dance Clubs, Bars, Restaurants",,,Yelp,2026-07-02
Mammoth Rock Brasserie,(760) 934-4200,"3029 Chateau Rd, Mammoth Lakes, CA 93546",Mammoth Lakes,CA,93546,https://www.yelp.com/biz/mammoth-rock-brasserie-mammoth-lakes-2?adjust_creative=BkJcGSdN3A98X2H7gLpQjA&utm_campaign=yelp_api_v3&utm_medium=api_v3_business_search&utm_source=BkJcGSdN3A98X2H7gLpQjA,bar,"Brasseries, Bars, French",4.4,509,Yelp,2026-07-02
Mammoth Tavern,(760) 934-3902,"587 Old Mammoth Rd, Ste 10, Mammoth Lakes, CA 93546",Mammoth Lakes,CA,93546,https://www.yelp.com/biz/mammoth-tavern-mammoth-lakes?adjust_creative=BkJcGSdN3A98X2H7gLpQjA&utm_campaign=yelp_api_v3&utm_medium=api_v3_business_search&utm_source=BkJcGSdN3A98X2H7gLpQjA,bar,"New American, Gastropubs, Cocktail Bars",4.0,617,Yelp,2026-07-02
River View Grill & Bar,(559) 561-2211,"42323 Sierra Dr, Three Rivers, CA 93271",Three Rivers,CA,93271,https://www.yelp.com/biz/river-view-grill-and-bar-three-rivers?adjust_creative=BkJcGSdN3A98X2H7gLpQjA&utm_campaign=yelp_api_v3&utm_medium=api_v3_business_search&utm_source=BkJcGSdN3A98X2H7gLpQjA,bar,"Bars, American, Chicken Wings",3.3,699,Yelp,2026-07-02
Hemlock Restaurant & Bar,(559) 566-2323,"48800 Royal Oaks Dr, Oakhurst, CA 93644",Oakhurst,CA,93644,https://www.yelp.com/biz/hemlock-restaurant-and-bar-oakhurst?adjust_creative=BkJcGSdN3A98X2H7gLpQjA&utm_campaign=yelp_api_v3&utm_medium=api_v3_business_search&utm_source=BkJcGSdN3A98X2H7gLpQjA,bar,"Bars, New American",4.4,32,Yelp,2026-07-02
Kung Fu Action Theatre ,(415) 420-6016,"841 Larkin St, San Francisco, CA 94109",San Francisco,CA,94109,https://www.yelp.com/biz/kung-fu-action-theatre-san-francisco?adjust_creative=BkJcGSdN3A98X2H7gLpQjA&utm_campaign=yelp_api_v3&utm_medium=api_v3_business_search&utm_source=BkJcGSdN3A98X2H7gLpQjA,bar,Dive Bars,4.5,48,Yelp,2026-07-02
Little Rock Tavern,(559) 876-3153,"933 Academy Ave, Sanger, CA 93657",Sanger,CA,93657,https://www.yelp.com/biz/little-rock-tavern-sanger?adjust_creative=BkJcGSdN3A98X2H7gLpQjA&utm_campaign=yelp_api_v3&utm_medium=api_v3_business_search&utm_source=BkJcGSdN3A98X2H7gLpQjA,bar,"Dive Bars, Beer Bar, Cocktail Bars",4.5,8,Yelp,2026-07-02
Taphouse,+61747722301,"City Lane, 373 Flinders St, Townsville Queensland 4810, Australia",Townsville,QLD,4810,https://www.yelp.com/biz/taphouse-townsville?adjust_creative=BkJcGSdN3A98X2H7gLpQjA&utm_campaign=yelp_api_v3&utm_medium=api_v3_business_search&utm_source=BkJcGSdN3A98X2H7gLpQjA,bar,Beer Bar,5.0,6,Yelp,2026-07-02
Big Bar,(323) 644-0100,"1927 Hillhurst Ave, Los Angeles, CA 90027",Los Angeles,CA,90027,https://www.yelp.com/biz/big-bar-los-angeles-2?adjust_creative=BkJcGSdN3A98X2H7gLpQjA&utm_campaign=yelp_api_v3&utm_medium=api_v3_business_search&utm_source=BkJcGSdN3A98X2H7gLpQjA,bar,Cocktail Bars,4.0,185,Yelp,2026-07-02
Buckhorn Saloon,(559) 877-8700,"32992 Rd 222, North Fork, CA 93643",North Fork,CA,93643,https://www.yelp.com/biz/buckhorn-saloon-north-fork?adjust_creative=BkJcGSdN3A98X2H7gLpQjA&utm_campaign=yelp_api_v3&utm_medium=api_v3_business_search&utm_source=BkJcGSdN3A98X2H7gLpQjA,bar,"American, Pubs",3.9,52,Yelp,2026-07-02
Monsoons Bar & Grill,+61747720900,"194 Flinders St, Townsville City Queensland 4810, Australia",Townsville City,QLD,4810,https://www.yelp.com/biz/monsoons-bar-and-grill-townsville-city?adjust_creative=BkJcGSdN3A98X2H7gLpQjA&utm_campaign=yelp_api_v3&utm_medium=api_v3_business_search&utm_source=BkJcGSdN3A98X2H7gLpQjA,bar,"Bars, Restaurants",3.0,2,Yelp,2026-07-02
Blue Heron Restaurant & Yosemite Grill,(559) 517-3467,"30250 Yosemite Springs Pkwy, Coarsegold, CA 93614",Coarsegold,CA,93614,https://www.yelp.com/biz/blue-heron-restaurant-and-yosemite-grill-coarsegold?adjust_creative=BkJcGSdN3A98X2H7gLpQjA&utm_campaign=yelp_api_v3&utm_medium=api_v3_business_search&utm_source=BkJcGSdN3A98X2H7gLpQjA,bar,"American, Bars, Venues & Event Spaces",4.3,124,Yelp,2026-07-02
Oakhurst Grill and Whiskey 41 Lounge,(559) 641-2477,"40530 Hwy 41, Oakhurst, CA 93644",Oakhurst,CA,93644,https://www.yelp.com/biz/oakhurst-grill-and-whiskey-41-lounge-oakhurst?adjust_creative=BkJcGSdN3A98X2H7gLpQjA&utm_campaign=yelp_api_v3&utm_medium=api_v3_business_search&utm_source=BkJcGSdN3A98X2H7gLpQjA,bar,"New American, Lounges",4.1,532,Yelp,2026-07-02
Mammoth Tavern,(760) 934-3902,"587 Old Mammoth Rd, Ste 10, Mammoth Lakes, CA 93546",Mammoth Lakes,CA,93546,https://www.yelp.com/biz/mammoth-tavern-mammoth-lakes?adjust_creative=BkJcGSdN3A98X2H7gLpQjA&utm_campaign=yelp_api_v3&utm_medium=api_v3_business_search&utm_source=BkJcGSdN3A98X2H7gLpQjA,bar,"New American, Gastropubs, Cocktail Bars",4.0,617,Yelp,2026-07-02
Blue Heron Restaurant & Yosemite Grill,(559) 517-3467,"30250 Yosemite Springs Pkwy, Coarsegold, CA 93614",Coarsegold,CA,93614,https://www.yelp.com/biz/blue-heron-restaurant-and-yosemite-grill-coarsegold?adjust_creative=BkJcGSdN3A98X2H7gLpQjA&utm_campaign=yelp_api_v3&utm_medium=api_v3_business_search&utm_source=BkJcGSdN3A98X2H7gLpQjA,bar,"American, Bars, Venues & Event Spaces",4.3,124,Yelp,2026-07-02
The Standard,(559) 434-3638,"9455 N Fort Washington Rd, Fresno, CA 93730",Fresno,CA,93730,https://www.yelp.com/biz/the-standard-fresno-4?adjust_creative=BkJcGSdN3A98X2H7gLpQjA&utm_campaign=yelp_api_v3&utm_medium=api_v3_business_search&utm_source=BkJcGSdN3A98X2H7gLpQjA,bar,"Lounges, American, Venues & Event Spaces",3.6,176,Yelp,2026-07-02
El Bolero,(559) 485-2799,"2155 S G St, Fresno, CA 93721",Fresno,CA,93721,https://www.yelp.com/biz/el-bolero-fresno?adjust_creative=BkJcGSdN3A98X2H7gLpQjA&utm_campaign=yelp_api_v3&utm_medium=api_v3_business_search&utm_source=BkJcGSdN3A98X2H7gLpQjA,bar,"Sports Bars, Lounges",,,Yelp,2026-07-02
General Admission Kitchen + Bar,(323) 963-5011,"3311 Cahuenga Blvd W, Los Angeles, CA 90068",Los Angeles,CA,90068,https://www.yelp.com/biz/general-admission-kitchen-bar-los-angeles-3?adjust_creative=BkJcGSdN3A98X2H7gLpQjA&utm_campaign=yelp_api_v3&utm_medium=api_v3_business_search&utm_source=BkJcGSdN3A98X2H7gLpQjA,bar,"Beer Bar, New American, Cocktail Bars",4.1,405,Yelp,2026-07-02
Dunsmoor,(323) 686-6027,"3501 Eagle Rock Blvd, Los Angeles, CA 90065",Los Angeles,CA,90065,https://www.yelp.com/biz/dunsmoor-los-angeles?adjust_creative=BkJcGSdN3A98X2H7gLpQjA&utm_campaign=yelp_api_v3&utm_medium=api_v3_business_search&utm_source=BkJcGSdN3A98X2H7gLpQjA,bar,"American, Wine Bars, Beer Bar",4.3,595,Yelp,2026-07-02
Dunsmoor,(323) 686-6027,"3501 Eagle Rock Blvd, Los Angeles, CA 90065",Los Angeles,CA,90065,https://www.yelp.com/biz/dunsmoor-los-angeles?adjust_creative=BkJcGSdN3A98X2H7gLpQjA&utm_campaign=yelp_api_v3&utm_medium=api_v3_business_search&utm_source=BkJcGSdN3A98X2H7gLpQjA,bar,"American, Wine Bars, Beer Bar",4.3,595,Yelp,2026-07-02
The Silver Fox,(858) 270-1343,"1833 Garnet Ave, San Diego, CA 92109",San Diego,CA,92109,https://www.yelp.com/biz/the-silver-fox-san-diego?adjust_creative=BkJcGSdN3A98X2H7gLpQjA&utm_campaign=yelp_api_v3&utm_medium=api_v3_business_search&utm_source=BkJcGSdN3A98X2H7gLpQjA,bar,"Dive Bars, Pool Halls",3.8,318,Yelp,2026-07-02
The Silver Fox,(858) 270-1343,"1833 Garnet Ave, San Diego, CA 92109",San Diego,CA,92109,https://www.yelp.com/biz/the-silver-fox-san-diego?adjust_creative=BkJcGSdN3A98X2H7gLpQjA&utm_campaign=yelp_api_v3&utm_medium=api_v3_business_search&utm_source=BkJcGSdN3A98X2H7gLpQjA,bar,"Dive Bars, Pool Halls",3.8,318,Yelp,2026-07-02
The Tavern Off Broadway,(213) 891-1063,"221 W 7th St, Los Angeles, CA 90014",Los Angeles,CA,90014,https://www.yelp.com/biz/the-tavern-off-broadway-los-angeles?adjust_creative=BkJcGSdN3A98X2H7gLpQjA&utm_campaign=yelp_api_v3&utm_medium=api_v3_business_search&utm_source=BkJcGSdN3A98X2H7gLpQjA,bar,"Beer Bar, Cocktail Bars, Pubs",4.1,17,Yelp,2026-07-02
The Elderberry House,(559) 683-6800,"48688 Victoria Ln, Oakhurst, CA 93644",Oakhurst,CA,93644,https://www.yelp.com/biz/the-elderberry-house-oakhurst-2?adjust_creative=BkJcGSdN3A98X2H7gLpQjA&utm_campaign=yelp_api_v3&utm_medium=api_v3_business_search&utm_source=BkJcGSdN3A98X2H7gLpQjA,bar,"French, Cocktail Bars, New American",4.5,343,Yelp,2026-07-02
Laugh Factory,(323) 656-1336,"8001 W Sunset Blvd, Los Angeles, CA 90046",Los Angeles,CA,90046,https://www.yelp.com/biz/laugh-factory-los-angeles?adjust_creative=BkJcGSdN3A98X2H7gLpQjA&utm_campaign=yelp_api_v3&utm_medium=api_v3_business_search&utm_source=BkJcGSdN3A98X2H7gLpQjA,bar,"Bars, Comedy Clubs, Performing Arts",3.3,1050,Yelp,2026-07-02
The Green Room,(818) 962-4446,"1250 E Harvard Rd, Burbank, CA 91501",Burbank,CA,91501,https://www.yelp.com/biz/the-green-room-burbank?adjust_creative=BkJcGSdN3A98X2H7gLpQjA&utm_campaign=yelp_api_v3&utm_medium=api_v3_business_search&utm_source=BkJcGSdN3A98X2H7gLpQjA,bar,"Cocktail Bars, Lounges, Venues & Event Spaces",4.6,681,Yelp,2026-07-02
Mammoth Rock Brasserie,(760) 934-4200,"3029 Chateau Rd, Mammoth Lakes, CA 93546",Mammoth Lakes,CA,93546,https://www.yelp.com/biz/mammoth-rock-brasserie-mammoth-lakes-2?adjust_creative=BkJcGSdN3A98X2H7gLpQjA&utm_campaign=yelp_api_v3&utm_medium=api_v3_business_search&utm_source=BkJcGSdN3A98X2H7gLpQjA,bar,"Brasseries, Bars, French",4.4,509,Yelp,2026-07-02
San Laurel,(213) 349-8585,"100 S Grand Ave, Los Angeles, CA 90012",Los Angeles,CA,90012,https://www.yelp.com/biz/san-laurel-los-angeles-3?adjust_creative=BkJcGSdN3A98X2H7gLpQjA&utm_campaign=yelp_api_v3&utm_medium=api_v3_business_search&utm_source=BkJcGSdN3A98X2H7gLpQjA,bar,"Spanish, Breakfast & Brunch, Cocktail Bars",4.3,398,Yelp,2026-07-02
Taphouse,+61747722301,"City Lane, 373 Flinders St, Townsville Queensland 4810, Australia",Townsville,QLD,4810,https://www.yelp.com/biz/taphouse-townsville?adjust_creative=BkJcGSdN3A98X2H7gLpQjA&utm_campaign=yelp_api_v3&utm_medium=api_v3_business_search&utm_source=BkJcGSdN3A98X2H7gLpQjA,bar,Beer Bar,5.0,6,Yelp,2026-07-02
The Grant Grill,(619) 744-2077,"326 Broadway, San Diego, CA 92101",San Diego,CA,92101,https://www.yelp.com/biz/grant-grill-san-diego?adjust_creative=BkJcGSdN3A98X2H7gLpQjA&utm_campaign=yelp_api_v3&utm_medium=api_v3_business_search&utm_source=BkJcGSdN3A98X2H7gLpQjA,bar,"Diners, Lounges, Breakfast & Brunch",4.1,591,Yelp,2026-07-02
Michels,+61747241460,"7 Palmer St, South Townsville Queensland 4810, Australia",South Townsville,QLD,4810,https://www.yelp.com/biz/michels-south-townsville?adjust_creative=BkJcGSdN3A98X2H7gLpQjA&utm_campaign=yelp_api_v3&utm_medium=api_v3_business_search&utm_source=BkJcGSdN3A98X2H7gLpQjA,bar,"French, Wine Bars, Modern Australian",3.3,3,Yelp,2026-07-02
The High Dive Bar & Lounge,(209) 349-8668,"560 W 18th St, Merced, CA 95340",Merced,CA,95340,https://www.yelp.com/biz/the-high-dive-bar-and-lounge-merced?adjust_creative=BkJcGSdN3A98X2H7gLpQjA&utm_campaign=yelp_api_v3&utm_medium=api_v3_business_search&utm_source=BkJcGSdN3A98X2H7gLpQjA,bar,Dive Bars,5.0,1,Yelp,2026-07-02
Basement Tavern,(310) 396-2469,"2640 Main St, Santa Monica, CA 90405",Santa Monica,CA,90405,https://www.yelp.com/biz/basement-tavern-santa-monica?adjust_creative=BkJcGSdN3A98X2H7gLpQjA&utm_campaign=yelp_api_v3&utm_medium=api_v3_business_search&utm_source=BkJcGSdN3A98X2H7gLpQjA,bar,"New American, Lounges",3.5,474,Yelp,2026-07-02
The Silver Fox,(858) 270-1343,"1833 Garnet Ave, San Diego, CA 92109",San Diego,CA,92109,https://www.yelp.com/biz/the-silver-fox-san-diego?adjust_creative=BkJcGSdN3A98X2H7gLpQjA&utm_campaign=yelp_api_v3&utm_medium=api_v3_business_search&utm_source=BkJcGSdN3A98X2H7gLpQjA,bar,"Dive Bars, Pool Halls",3.8,318,Yelp,2026-07-02
Mammoth Rock Brasserie,(760) 934-4200,"3029 Chateau Rd, Mammoth Lakes, CA 93546",Mammoth Lakes,CA,93546,https://www.yelp.com/biz/mammoth-rock-brasserie-mammoth-lakes-2?adjust_creative=BkJcGSdN3A98X2H7gLpQjA&utm_campaign=yelp_api_v3&utm_medium=api_v3_business_search&utm_source=BkJcGSdN3A98X2H7gLpQjA,bar,"Brasseries, Bars, French",4.4,509,Yelp,2026-07-02
Dunsmoor,(323) 686-6027,"3501 Eagle Rock Blvd, Los Angeles, CA 90065",Los Angeles,CA,90065,https://www.yelp.com/biz/dunsmoor-los-angeles?adjust_creative=BkJcGSdN3A98X2H7gLpQjA&utm_campaign=yelp_api_v3&utm_medium=api_v3_business_search&utm_source=BkJcGSdN3A98X2H7gLpQjA,bar,"American, Wine Bars, Beer Bar",4.3,595,Yelp,2026-07-02
Hemlock Restaurant & Bar,(559) 566-2323,"48800 Royal Oaks Dr, Oakhurst, CA 93644",Oakhurst,CA,93644,https://www.yelp.com/biz/hemlock-restaurant-and-bar-oakhurst?adjust_creative=BkJcGSdN3A98X2H7gLpQjA&utm_campaign=yelp_api_v3&utm_medium=api_v3_business_search&utm_source=BkJcGSdN3A98X2H7gLpQjA,bar,"Bars, New American",4.4,32,Yelp,2026-07-02
Hemlock Restaurant & Bar,(559) 566-2323,"48800 Royal Oaks Dr, Oakhurst, CA 93644",Oakhurst,CA,93644,https://www.yelp.com/biz/hemlock-restaurant-and-bar-oakhurst?adjust_creative=BkJcGSdN3A98X2H7gLpQjA&utm_campaign=yelp_api_v3&utm_medium=api_v3_business_search&utm_source=BkJcGSdN3A98X2H7gLpQjA,bar,"Bars, New American",4.4,32,Yelp,2026-07-02
Shorthorn Bar and Grill,(559) 841-6464,"41790 Dorabella Rd, Shaver Lake, CA 93664",Shaver Lake,CA,93664,https://www.yelp.com/biz/shorthorn-bar-and-grill-shaver-lake?adjust_creative=BkJcGSdN3A98X2H7gLpQjA&utm_campaign=yelp_api_v3&utm_medium=api_v3_business_search&utm_source=BkJcGSdN3A98X2H7gLpQjA,bar,"Bars, Pool Halls, American",4.4,67,Yelp,2026-07-02
South Gate Brewing Company,(559) 692-2739,"40233 Enterprise Dr, Oakhurst, CA 93644",Oakhurst,CA,93644,https://www.yelp.com/biz/south-gate-brewing-company-oakhurst-4?adjust_creative=BkJcGSdN3A98X2H7gLpQjA&utm_campaign=yelp_api_v3&utm_medium=api_v3_business_search&utm_source=BkJcGSdN3A98X2H7gLpQjA,bar,"American, Brewpubs, Tapas/Small Plates",4.1,1836,Yelp,2026-07-02
The Green Room,(818) 962-4446,"1250 E Harvard Rd, Burbank, CA 91501",Burbank,CA,91501,https://www.yelp.com/biz/the-green-room-burbank?adjust_creative=BkJcGSdN3A98X2H7gLpQjA&utm_campaign=yelp_api_v3&utm_medium=api_v3_business_search&utm_source=BkJcGSdN3A98X2H7gLpQjA,bar,"Cocktail Bars, Lounges, Venues & Event Spaces",4.6,681,Yelp,2026-07-02
Taphouse,+61747722301,"City Lane, 373 Flinders St, Townsville Queensland 4810, Australia",Townsville,QLD,4810,https://www.yelp.com/biz/taphouse-townsville?adjust_creative=BkJcGSdN3A98X2H7gLpQjA&utm_campaign=yelp_api_v3&utm_medium=api_v3_business_search&utm_source=BkJcGSdN3A98X2H7gLpQjA,bar,Beer Bar,5.0,6,Yelp,2026-07-02
Mammoth Rock Brasserie,(760) 934-4200,"3029 Chateau Rd, Mammoth Lakes, CA 93546",Mammoth Lakes,CA,93546,https://www.yelp.com/biz/mammoth-rock-brasserie-mammoth-lakes-2?adjust_creative=BkJcGSdN3A98X2H7gLpQjA&utm_campaign=yelp_api_v3&utm_medium=api_v3_business_search&utm_source=BkJcGSdN3A98X2H7gLpQjA,bar,"Brasseries, Bars, French",4.4,509,Yelp,2026-07-02
Raised By Wolves,(619) 629-0243,"4301 La Jolla Village Dr, Ste 2030, San Diego, CA 92122",San Diego,CA,92122,https://www.yelp.com/biz/raised-by-wolves-san-diego?adjust_creative=BkJcGSdN3A98X2H7gLpQjA&utm_campaign=yelp_api_v3&utm_medium=api_v3_business_search&utm_source=BkJcGSdN3A98X2H7gLpQjA,bar,Cocktail Bars,4.4,2257,Yelp,2026-07-02
Frolic Room,(323) 462-5890,"6245 Hollywood Blvd, Los Angeles, CA 90028",Los Angeles,CA,90028,https://www.yelp.com/biz/frolic-room-los-angeles?adjust_creative=BkJcGSdN3A98X2H7gLpQjA&utm_campaign=yelp_api_v3&utm_medium=api_v3_business_search&utm_source=BkJcGSdN3A98X2H7gLpQjA,bar,Dive Bars,4.2,573,Yelp,2026-07-02
El Basha,(559) 222-3322,"5048 N Blackstone Ave, Ste 108, Fresno, CA 93710",Fresno,CA,93710,https://www.yelp.com/biz/el-basha-fresno-2?adjust_creative=BkJcGSdN3A98X2H7gLpQjA&utm_campaign=yelp_api_v3&utm_medium=api_v3_business_search&utm_source=BkJcGSdN3A98X2H7gLpQjA,bar,"Hookah Bars, Mediterranean, Sports Bars",3.3,73,Yelp,2026-07-02
The Valley Tavern,(415) 285-0674,"4054 24th St, San Francisco, CA 94114",San Francisco,CA,94114,https://www.yelp.com/biz/the-valley-tavern-san-francisco?adjust_creative=BkJcGSdN3A98X2H7gLpQjA&utm_campaign=yelp_api_v3&utm_medium=api_v3_business_search&utm_source=BkJcGSdN3A98X2H7gLpQjA,bar,"Pubs, Sports Bars",4.0,336,Yelp,2026-07-02
Blue Heron Restaurant & Yosemite Grill,(559) 517-3467,"30250 Yosemite Springs Pkwy, Coarsegold, CA 93614",Coarsegold,CA,93614,https://www.yelp.com/biz/blue-heron-restaurant-and-yosemite-grill-coarsegold?adjust_creative=BkJcGSdN3A98X2H7gLpQjA&utm_campaign=yelp_api_v3&utm_medium=api_v3_business_search&utm_source=BkJcGSdN3A98X2H7gLpQjA,bar,"American, Bars, Venues & Event Spaces",4.3,124,Yelp,2026-07-02
Flynns Irish Bar & Bistro,+61747211655,"101 Flinders St, Townsville Queensland 4810, Australia",Townsville,QLD,4810,https://www.yelp.com/biz/flynns-irish-bar-and-bistro-townsville?adjust_creative=BkJcGSdN3A98X2H7gLpQjA&utm_campaign=yelp_api_v3&utm_medium=api_v3_business_search&utm_source=BkJcGSdN3A98X2H7gLpQjA,bar,"Dance Clubs, Bars, Restaurants",,,Yelp,2026-07-02
Mammoth Rock Brasserie,(760) 934-4200,"3029 Chateau Rd, Mammoth Lakes, CA 93546",Mammoth Lakes,CA,93546,https://www.yelp.com/biz/mammoth-rock-brasserie-mammoth-lakes-2?adjust_creative=BkJcGSdN3A98X2H7gLpQjA&utm_campaign=yelp_api_v3&utm_medium=api_v3_business_search&utm_source=BkJcGSdN3A98X2H7gLpQjA,bar,"Brasseries, Bars, French",4.4,509,Yelp,2026-07-02
The Tavern at Firefall Ranch,(209) 379-6820,"24025 CA-120, Groveland, CA 95321",Groveland,CA,95321,https://www.yelp.com/biz/the-tavern-at-firefall-ranch-groveland?adjust_creative=BkJcGSdN3A98X2H7gLpQjA&utm_campaign=yelp_api_v3&utm_medium=api_v3_business_search&utm_source=BkJcGSdN3A98X2H7gLpQjA,bar,"Cocktail Bars, Breakfast & Brunch, American",4.4,19,Yelp,2026-07-02
Dunsmoor,(323) 686-6027,"3501 Eagle Rock Blvd, Los Angeles, CA 90065",Los Angeles,CA,90065,https://www.yelp.com/biz/dunsmoor-los-angeles?adjust_creative=BkJcGSdN3A98X2H7gLpQjA&utm_campaign=yelp_api_v3&utm_medium=api_v3_business_search&utm_source=BkJcGSdN3A98X2H7gLpQjA,bar,"American, Wine Bars, Beer Bar",4.3,595,Yelp,2026-07-02
Blue Heron Restaurant & Yosemite Grill,(559) 517-3467,"30250 Yosemite Springs Pkwy, Coarsegold, CA 93614",Coarsegold,CA,93614,https://www.yelp.com/biz/blue-heron-restaurant-and-yosemite-grill-coarsegold?adjust_creative=BkJcGSdN3A98X2H7gLpQjA&utm_campaign=yelp_api_v3&utm_medium=api_v3_business_search&utm_source=BkJcGSdN3A98X2H7gLpQjA,bar,"American, Bars, Venues & Event Spaces",4.3,124,Yelp,2026-07-02
The Elderberry House,(559) 683-6800,"48688 Victoria Ln, Oakhurst, CA 93644",Oakhurst,CA,93644,https://www.yelp.com/biz/the-elderberry-house-oakhurst-2?adjust_creative=BkJcGSdN3A98X2H7gLpQjA&utm_campaign=yelp_api_v3&utm_medium=api_v3_business_search&utm_source=BkJcGSdN3A98X2H7gLpQjA,bar,"French, Cocktail Bars, New American",4.5,343,Yelp,2026-07-02
Mammoth Rock Brasserie,(760) 934-4200,"3029 Chateau Rd, Mammoth Lakes, CA 93546",Mammoth Lakes,CA,93546,https://www.yelp.com/biz/mammoth-rock-brasserie-mammoth-lakes-2?adjust_creative=BkJcGSdN3A98X2H7gLpQjA&utm_campaign=yelp_api_v3&utm_medium=api_v3_business_search&utm_source=BkJcGSdN3A98X2H7gLpQjA,bar,"Brasseries, Bars, French",4.4,509,Yelp,2026-07-02
L&L Hawaiian Barbecue,(559) 277-9888,"3314 W Shaw Ave, Ste 10, Fresno, CA 93711",Fresno,CA,93711,https://www.yelp.com/biz/l-and-l-hawaiian-barbecue-fresno?adjust_creative=BkJcGSdN3A98X2H7gLpQjA&utm_campaign=yelp_api_v3&utm_medium=api_v3_business_search&utm_source=BkJcGSdN3A98X2H7gLpQjA,bar,"Hawaiian, Barbeque",3.3,344,Yelp,2026-07-02
Gravity Heights - Mission Valley,(619) 539-7833,"525 Camino De La Reina, San Diego, CA 92108",San Diego,CA,92108,https://www.yelp.com/biz/gravity-heights-mission-valley-san-diego?adjust_creative=BkJcGSdN3A98X2H7gLpQjA&utm_campaign=yelp_api_v3&utm_medium=api_v3_business_search&utm_source=BkJcGSdN3A98X2H7gLpQjA,bar,"Breakfast & Brunch, American, Brewpubs",4.5,523,Yelp,2026-07-02
Simply Tops Seafood Bar,+61747723028,"9 Palmer St,, Shop 2, South Townsville Queensland 4810, Australia",South Townsville,QLD,4810,https://www.yelp.com/biz/simply-tops-seafood-bar-south-townsville-2?adjust_creative=BkJcGSdN3A98X2H7gLpQjA&utm_campaign=yelp_api_v3&utm_medium=api_v3_business_search&utm_source=BkJcGSdN3A98X2H7gLpQjA,bar,"Bars, Seafood",4.1,8,Yelp,2026-07-02
The Valley Tavern,(415) 285-0674,"4054 24th St, San Francisco, CA 94114",San Francisco,CA,94114,https://www.yelp.com/biz/the-valley-tavern-san-francisco?adjust_creative=BkJcGSdN3A98X2H7gLpQjA&utm_campaign=yelp_api_v3&utm_medium=api_v3_business_search&utm_source=BkJcGSdN3A98X2H7gLpQjA,bar,"Pubs, Sports Bars",4.0,336,Yelp,2026-07-02
Mammoth Rock Brasserie,(760) 934-4200,"3029 Chateau Rd, Mammoth Lakes, CA 93546",Mammoth Lakes,CA,93546,https://www.yelp.com/biz/mammoth-rock-brasserie-mammoth-lakes-2?adjust_creative=BkJcGSdN3A98X2H7gLpQjA&utm_campaign=yelp_api_v3&utm_medium=api_v3_business_search&utm_source=BkJcGSdN3A98X2H7gLpQjA,bar,"Brasseries, Bars, French",4.4,509,Yelp,2026-07-02
Little Leaf Bar,(559) 261-2699,"6011 N Palm, Fresno, CA 93704",Fresno,CA,93704,https://www.yelp.com/biz/little-leaf-bar-fresno-2?adjust_creative=BkJcGSdN3A98X2H7gLpQjA&utm_campaign=yelp_api_v3&utm_medium=api_v3_business_search&utm_source=BkJcGSdN3A98X2H7gLpQjA,bar,"Lounges, Asian Fusion",4.3,79,Yelp,2026-07-02
insideOUT,(619) 888-8623,"1642 University Ave, Ste 100, San Diego, CA 92103",San Diego,CA,92103,https://www.yelp.com/biz/insideout-san-diego-2?adjust_creative=BkJcGSdN3A98X2H7gLpQjA&utm_campaign=yelp_api_v3&utm_medium=api_v3_business_search&utm_source=BkJcGSdN3A98X2H7gLpQjA,bar,"Lounges, Cocktail Bars, Mediterranean",4.4,1397,Yelp,2026-07-02
Tom's Tavern,+61747729777,"186 Nathan St, Aitkenvale Queensland 4814, Australia",Aitkenvale,QLD,4814,https://www.yelp.com/biz/toms-tavern-aitkenvale?adjust_creative=BkJcGSdN3A98X2H7gLpQjA&utm_campaign=yelp_api_v3&utm_medium=api_v3_business_search&utm_source=BkJcGSdN3A98X2H7gLpQjA,bar,Pubs,4.5,2,Yelp,2026-07-02
The EATery,(760) 709-0531,"18 Lake Mary Rd, Mammoth Lakes, CA 93546",Mammoth Lakes,CA,93546,https://www.yelp.com/biz/the-eatery-mammoth-lakes-2?adjust_creative=BkJcGSdN3A98X2H7gLpQjA&utm_campaign=yelp_api_v3&utm_medium=api_v3_business_search&utm_source=BkJcGSdN3A98X2H7gLpQjA,bar,"Gastropubs, New American",3.8,360,Yelp,2026-07-02
Oakhurst Grill and Whiskey 41 Lounge,(559) 641-2477,"40530 Hwy 41, Oakhurst, CA 93644",Oakhurst,CA,93644,https://www.yelp.com/biz/oakhurst-grill-and-whiskey-41-lounge-oakhurst?adjust_creative=BkJcGSdN3A98X2H7gLpQjA&utm_campaign=yelp_api_v3&utm_medium=api_v3_business_search&utm_source=BkJcGSdN3A98X2H7gLpQjA,bar,"New American, Lounges",4.1,532,Yelp,2026-07-02
Blind Butcher,(415) 529-2478,"4058 18th St, San Francisco, CA 94114",San Francisco,CA,94114,https://www.yelp.com/biz/blind-butcher-san-francisco-2?adjust_creative=BkJcGSdN3A98X2H7gLpQjA&utm_campaign=yelp_api_v3&utm_medium=api_v3_business_search&utm_source=BkJcGSdN3A98X2H7gLpQjA,bar,"New American, Wine Bars",4.0,594,Yelp,2026-07-02
Federal Tavern Townsville,+61747727449,"Cnr Dean & McIlwraith StsSouth, Townsville Queensland 4810, Australia",Townsville,QLD,4810,https://www.yelp.com/biz/federal-tavern-townsville-townsville?adjust_creative=BkJcGSdN3A98X2H7gLpQjA&utm_campaign=yelp_api_v3&utm_medium=api_v3_business_search&utm_source=BkJcGSdN3A98X2H7gLpQjA,bar,Bars,,,Yelp,2026-07-02
Australian Hotel,+61747226999,"11 Palmer St, South Townsville Queensland 4810, Australia",South Townsville,QLD,4810,https://www.yelp.com/biz/australian-hotel-south-townsville?adjust_creative=BkJcGSdN3A98X2H7gLpQjA&utm_campaign=yelp_api_v3&utm_medium=api_v3_business_search&utm_source=BkJcGSdN3A98X2H7gLpQjA,bar,"Bars, Australian",4.0,3,Yelp,2026-07-02
The Elderberry House,(559) 683-6800,"48688 Victoria Ln, Oakhurst, CA 93644",Oakhurst,CA,93644,https://www.yelp.com/biz/the-elderberry-house-oakhurst-2?adjust_creative=BkJcGSdN3A98X2H7gLpQjA&utm_campaign=yelp_api_v3&utm_medium=api_v3_business_search&utm_source=BkJcGSdN3A98X2H7gLpQjA,bar,"French, Cocktail Bars, New American",4.5,343,Yelp,2026-07-02
The EATery,(760) 709-0531,"18 Lake Mary Rd, Mammoth Lakes, CA 93546",Mammoth Lakes,CA,93546,https://www.yelp.com/biz/the-eatery-mammoth-lakes-2?adjust_creative=BkJcGSdN3A98X2H7gLpQjA&utm_campaign=yelp_api_v3&utm_medium=api_v3_business_search&utm_source=BkJcGSdN3A98X2H7gLpQjA,bar,"Gastropubs, New American",3.8,360,Yelp,2026-07-02
The Tavern at Firefall Ranch,(209) 379-6820,"24025 CA-120, Groveland, CA 95321",Groveland,CA,95321,https://www.yelp.com/biz/the-tavern-at-firefall-ranch-groveland?adjust_creative=BkJcGSdN3A98X2H7gLpQjA&utm_campaign=yelp_api_v3&utm_medium=api_v3_business_search&utm_source=BkJcGSdN3A98X2H7gLpQjA,bar,"Cocktail Bars, Breakfast & Brunch, American",4.4,19,Yelp,2026-07-02
Mochuelo,(559) 348-5555,"2305 W Shaw Ave, Fresno, CA 93711",Fresno,CA,93711,https://www.yelp.com/biz/mochuelo-fresno?adjust_creative=BkJcGSdN3A98X2H7gLpQjA&utm_campaign=yelp_api_v3&utm_medium=api_v3_business_search&utm_source=BkJcGSdN3A98X2H7gLpQjA,bar,"Tapas/Small Plates, Spanish, Cocktail Bars",4.5,537,Yelp,2026-07-02
The Front Yard,(818) 255-7290,"4222 Vineland Ave, North Hollywood, CA 91602",North Hollywood,CA,91602,https://www.yelp.com/biz/the-front-yard-north-hollywood-2?adjust_creative=BkJcGSdN3A98X2H7gLpQjA&utm_campaign=yelp_api_v3&utm_medium=api_v3_business_search&utm_source=BkJcGSdN3A98X2H7gLpQjA,bar,"Breakfast & Brunch, American, Bars",4.0,4095,Yelp,2026-07-02
Mammoth Tavern,(760) 934-3902,"587 Old Mammoth Rd, Ste 10, Mammoth Lakes, CA 93546",Mammoth Lakes,CA,93546,https://www.yelp.com/biz/mammoth-tavern-mammoth-lakes?adjust_creative=BkJcGSdN3A98X2H7gLpQjA&utm_campaign=yelp_api_v3&utm_medium=api_v3_business_search&utm_source=BkJcGSdN3A98X2H7gLpQjA,bar,"New American, Gastropubs, Cocktail Bars",4.0,617,Yelp,2026-07-02
Brick House Bar & Grill,(559) 399-3620,"1315 7th St, Sanger, CA 93657",Sanger,CA,93657,https://www.yelp.com/biz/brick-house-bar-and-grill-sanger?adjust_creative=BkJcGSdN3A98X2H7gLpQjA&utm_campaign=yelp_api_v3&utm_medium=api_v3_business_search&utm_source=BkJcGSdN3A98X2H7gLpQjA,bar,"Bars, Breakfast & Brunch, American",4.3,108,Yelp,2026-07-02
The Elderberry House,(559) 683-6800,"48688 Victoria Ln, Oakhurst, CA 93644",Oakhurst,CA,93644,https://www.yelp.com/biz/the-elderberry-house-oakhurst-2?adjust_creative=BkJcGSdN3A98X2H7gLpQjA&utm_campaign=yelp_api_v3&utm_medium=api_v3_business_search&utm_source=BkJcGSdN3A98X2H7gLpQjA,bar,"French, Cocktail Bars, New American",4.5,343,Yelp,2026-07-02
Australian Hotel,+61747226999,"11 Palmer St, South Townsville Queensland 4810, Australia",South Townsville,QLD,4810,https://www.yelp.com/biz/australian-hotel-south-townsville?adjust_creative=BkJcGSdN3A98X2H7gLpQjA&utm_campaign=yelp_api_v3&utm_medium=api_v3_business_search&utm_source=BkJcGSdN3A98X2H7gLpQjA,bar,"Bars, Australian",4.0,3,Yelp,2026-07-02
Red’s Java House,(415) 777-5626,"Pier 30, San Francisco, CA 94105",San Francisco,CA,94105,https://www.yelp.com/biz/red-s-java-house-san-francisco?adjust_creative=BkJcGSdN3A98X2H7gLpQjA&utm_campaign=yelp_api_v3&utm_medium=api_v3_business_search&utm_source=BkJcGSdN3A98X2H7gLpQjA,bar,"Breakfast & Brunch, Burgers, Dive Bars",3.7,960,Yelp,2026-07-02
Blue Heron Restaurant & Yosemite Grill,(559) 517-3467,"30250 Yosemite Springs Pkwy, Coarsegold, CA 93614",Coarsegold,CA,93614,https://www.yelp.com/biz/blue-heron-restaurant-and-yosemite-grill-coarsegold?adjust_creative=BkJcGSdN3A98X2H7gLpQjA&utm_campaign=yelp_api_v3&utm_medium=api_v3_business_search&utm_source=BkJcGSdN3A98X2H7gLpQjA,bar,"American, Bars, Venues & Event Spaces",4.3,124,Yelp,2026-07-02
Horseshoe Tavern,(415) 346-1430,"2024 Chestnut St, San Francisco, CA 94123",San Francisco,CA,94123,https://www.yelp.com/biz/horseshoe-tavern-san-francisco?adjust_creative=BkJcGSdN3A98X2H7gLpQjA&utm_campaign=yelp_api_v3&utm_medium=api_v3_business_search&utm_source=BkJcGSdN3A98X2H7gLpQjA,bar,"Pubs, Lounges",3.9,313,Yelp,2026-07-02
Brick House Bar & Grill,(559) 399-3620,"1315 7th St, Sanger, CA 93657",Sanger,CA,93657,https://www.yelp.com/biz/brick-house-bar-and-grill-sanger?adjust_creative=BkJcGSdN3A98X2H7gLpQjA&utm_campaign=yelp_api_v3&utm_medium=api_v3_business_search&utm_source=BkJcGSdN3A98X2H7gLpQjA,bar,"Bars, Breakfast & Brunch, American",4.3,108,Yelp,2026-07-02
Mothership,(619) 630-2187,"2310 30th St, San Diego, CA 92104",San Diego,CA,92104,https://www.yelp.com/biz/mothership-san-diego-2?adjust_creative=BkJcGSdN3A98X2H7gLpQjA&utm_campaign=yelp_api_v3&utm_medium=api_v3_business_search&utm_source=BkJcGSdN3A98X2H7gLpQjA,bar,Cocktail Bars,4.3,916,Yelp,2026-07-02
Wolf in the Woods,(619) 234-2597,"1920 Fort Stockton Dr, San Diego, CA 92103",San Diego,CA,92103,https://www.yelp.com/biz/wolf-in-the-woods-san-diego?adjust_creative=BkJcGSdN3A98X2H7gLpQjA&utm_campaign=yelp_api_v3&utm_medium=api_v3_business_search&utm_source=BkJcGSdN3A98X2H7gLpQjA,bar,"Wine Bars, Modern European, Tapas Bars",4.7,517,Yelp,2026-07-02
The Vineyard Restaurant & Bar,(559) 674-0923,"605 S I St, Madera, CA 93637",Madera,CA,93637,https://www.yelp.com/biz/the-vineyard-restaurant-and-bar-madera?adjust_creative=BkJcGSdN3A98X2H7gLpQjA&utm_campaign=yelp_api_v3&utm_medium=api_v3_business_search&utm_source=BkJcGSdN3A98X2H7gLpQjA,bar,"New American, Wine Bars, Venues & Event Spaces",4.0,401,Yelp,2026-07-02
Blue Heron Restaurant & Yosemite Grill,(559) 517-3467,"30250 Yosemite Springs Pkwy, Coarsegold, CA 93614",Coarsegold,CA,93614,https://www.yelp.com/biz/blue-heron-restaurant-and-yosemite-grill-coarsegold?adjust_creative=BkJcGSdN3A98X2H7gLpQjA&utm_campaign=yelp_api_v3&utm_medium=api_v3_business_search&utm_source=BkJcGSdN3A98X2H7gLpQjA,bar,"American, Bars, Venues & Event Spaces",4.3,124,Yelp,2026-07-02
Brick House Bar & Grill,(559) 399-3620,"1315 7th St, Sanger, CA 93657",Sanger,CA,93657,https://www.yelp.com/biz/brick-house-bar-and-grill-sanger?adjust_creative=BkJcGSdN3A98X2H7gLpQjA&utm_campaign=yelp_api_v3&utm_medium=api_v3_business_search&utm_source=BkJcGSdN3A98X2H7gLpQjA,bar,"Bars, Breakfast & Brunch, American",4.3,108,Yelp,2026-07-02
The Dandelion,(215) 558-2500,"124 S 18th St, Philadelphia, PA 19103",Philadelphia,PA,19103,https://www.yelp.com/biz/the-dandelion-philadelphia?adjust_creative=BkJcGSdN3A98X2H7gLpQjA&utm_campaign=yelp_api_v3&utm_medium=api_v3_business_search&utm_source=BkJcGSdN3A98X2H7gLpQjA,bar,"Gastropubs, British",4.2,3171,Yelp,2026-07-02
Oakhurst Grill and Whiskey 41 Lounge,(559) 641-2477,"40530 Hwy 41, Oakhurst, CA 93644",Oakhurst,CA,93644,https://www.yelp.com/biz/oakhurst-grill-and-whiskey-41-lounge-oakhurst?adjust_creative=BkJcGSdN3A98X2H7gLpQjA&utm_campaign=yelp_api_v3&utm_medium=api_v3_business_search&utm_source=BkJcGSdN3A98X2H7gLpQjA,bar,"New American, Lounges",4.1,533,Yelp,2026-07-02
The EATery,(760) 709-0531,"18 Lake Mary Rd, Mammoth Lakes, CA 93546",Mammoth Lakes,CA,93546,https://www.yelp.com/biz/the-eatery-mammoth-lakes-2?adjust_creative=BkJcGSdN3A98X2H7gLpQjA&utm_campaign=yelp_api_v3&utm_medium=api_v3_business_search&utm_source=BkJcGSdN3A98X2H7gLpQjA,bar,"Gastropubs, New American",3.8,360,Yelp,2026-07-02
Diamondback Grill,(209) 532-6661,"93 S Washington St, Sonora, CA 95370",Sonora,CA,95370,https://www.yelp.com/biz/diamondback-grill-sonora?adjust_creative=BkJcGSdN3A98X2H7gLpQjA&utm_campaign=yelp_api_v3&utm_medium=api_v3_business_search&utm_source=BkJcGSdN3A98X2H7gLpQjA,bar,"Wine Bars, American",4.0,867,Yelp,2026-07-02
Leopold's,(415) 874-9829,"2400 Polk St, San Francisco, CA 94109",San Francisco,CA,94109,https://www.yelp.com/biz/leopolds-san-francisco-2?adjust_creative=BkJcGSdN3A98X2H7gLpQjA&utm_campaign=yelp_api_v3&utm_medium=api_v3_business_search&utm_source=BkJcGSdN3A98X2H7gLpQjA,bar,"German, Austrian, Bars",4.4,1162,Yelp,2026-07-02
SKADI,(760) 914-0962,"3228 Main St, Ste A, Mammoth Lakes, CA 93546",Mammoth Lakes,CA,93546,https://www.yelp.com/biz/skadi-mammoth-lakes-2?adjust_creative=BkJcGSdN3A98X2H7gLpQjA&utm_campaign=yelp_api_v3&utm_medium=api_v3_business_search&utm_source=BkJcGSdN3A98X2H7gLpQjA,bar,"Modern European, Wine Bars",4.8,503,Yelp,2026-07-02
Smokin Oak BBQ,(209) 966-2244,"5040 Hwy 140, Mariposa, CA 95338",Mariposa,CA,95338,https://www.yelp.com/biz/smokin-oak-bbq-mariposa?adjust_creative=BkJcGSdN3A98X2H7gLpQjA&utm_campaign=yelp_api_v3&utm_medium=api_v3_business_search&utm_source=BkJcGSdN3A98X2H7gLpQjA,bar,"Barbeque, Sandwiches",4.8,58,Yelp,2026-07-02
Smokehouse 41,(559) 642-2271,"40713 Hwy 41, Oakhurst, CA 93644",Oakhurst,CA,93644,https://www.yelp.com/biz/smokehouse-41-oakhurst?adjust_creative=BkJcGSdN3A98X2H7gLpQjA&utm_campaign=yelp_api_v3&utm_medium=api_v3_business_search&utm_source=BkJcGSdN3A98X2H7gLpQjA,bar,"Barbeque, Smokehouse, Sandwiches",4.5,1073,Yelp,2026-07-02
Channel 2 Sports Bar,(858) 430-6442,"3232 Greyling Dr, San Diego, CA 92123",San Diego,CA,92123,https://www.yelp.com/biz/channel-2-sports-bar-san-diego?adjust_creative=BkJcGSdN3A98X2H7gLpQjA&utm_campaign=yelp_api_v3&utm_medium=api_v3_business_search&utm_source=BkJcGSdN3A98X2H7gLpQjA,bar,"Sports Bars, Dive Bars, Cocktail Bars",4.4,85,Yelp,2026-07-02
Dunsmoor,(323) 686-6027,"3501 Eagle Rock Blvd, Los Angeles, CA 90065",Los Angeles,CA,90065,https://www.yelp.com/biz/dunsmoor-los-angeles?adjust_creative=BkJcGSdN3A98X2H7gLpQjA&utm_campaign=yelp_api_v3&utm_medium=api_v3_business_search&utm_source=BkJcGSdN3A98X2H7gLpQjA,bar,"American, Wine Bars, Beer Bar",4.3,597,Yelp,2026-07-02
Blue Heron Restaurant & Yosemite Grill,(559) 517-3467,"30250 Yosemite Springs Pkwy, Coarsegold, CA 93614",Coarsegold,CA,93614,https://www.yelp.com/biz/blue-heron-restaurant-and-yosemite-grill-coarsegold?adjust_creative=BkJcGSdN3A98X2H7gLpQjA&utm_campaign=yelp_api_v3&utm_medium=api_v3_business_search&utm_source=BkJcGSdN3A98X2H7gLpQjA,bar,"American, Bars, Venues & Event Spaces",4.3,124,Yelp,2026-07-02
Gossip Grill,(619) 260-8023,"1220 University Ave, San Diego, CA 92103",San Diego,CA,92103,https://www.yelp.com/biz/gossip-grill-san-diego-2?adjust_creative=BkJcGSdN3A98X2H7gLpQjA&utm_campaign=yelp_api_v3&utm_medium=api_v3_business_search&utm_source=BkJcGSdN3A98X2H7gLpQjA,bar,"Gay Bars, Cocktail Bars, American",4.0,1139,Yelp,2026-07-02
Local Vines,(925) 298-5109,"3393 Mount Diablo Blvd, Lafayette, CA 94549",Lafayette,CA,94549,https://www.yelp.com/biz/local-vines-lafayette?adjust_creative=BkJcGSdN3A98X2H7gLpQjA&utm_campaign=yelp_api_v3&utm_medium=api_v3_business_search&utm_source=BkJcGSdN3A98X2H7gLpQjA,bar,"Wine Tasting Room, Wine Bars",5.0,1,Yelp,2026-07-02
Australian Hotel,+61747226999,"11 Palmer St, South Townsville Queensland 4810, Australia",South Townsville,QLD,4810,https://www.yelp.com/biz/australian-hotel-south-townsville?adjust_creative=BkJcGSdN3A98X2H7gLpQjA&utm_campaign=yelp_api_v3&utm_medium=api_v3_business_search&utm_source=BkJcGSdN3A98X2H7gLpQjA,bar,"Bars, Australian",4.0,3,Yelp,2026-07-02
Red’s Java House,(415) 777-5626,"Pier 30, San Francisco, CA 94105",San Francisco,CA,94105,https://www.yelp.com/biz/red-s-java-house-san-francisco?adjust_creative=BkJcGSdN3A98X2H7gLpQjA&utm_campaign=yelp_api_v3&utm_medium=api_v3_business_search&utm_source=BkJcGSdN3A98X2H7gLpQjA,bar,"Breakfast & Brunch, Burgers, Dive Bars",3.7,960,Yelp,2026-07-02
Little Leaf Bar,(559) 261-2699,"6011 N Palm, Fresno, CA 93704",Fresno,CA,93704,https://www.yelp.com/biz/little-leaf-bar-fresno-2?adjust_creative=BkJcGSdN3A98X2H7gLpQjA&utm_campaign=yelp_api_v3&utm_medium=api_v3_business_search&utm_source=BkJcGSdN3A98X2H7gLpQjA,bar,"Lounges, Asian Fusion",4.3,79,Yelp,2026-07-02
Cellar Bar,(559) 683-6860,"48644 Victoria Ln, Oakhurst, CA 93644",Oakhurst,CA,93644,https://www.yelp.com/biz/cellar-bar-oakhurst-2?adjust_creative=BkJcGSdN3A98X2H7gLpQjA&utm_campaign=yelp_api_v3&utm_medium=api_v3_business_search&utm_source=BkJcGSdN3A98X2H7gLpQjA,bar,"Cocktail Bars, New American",4.5,10,Yelp,2026-07-02
Cellar Bar,(559) 683-6860,"48644 Victoria Ln, Oakhurst, CA 93644",Oakhurst,CA,93644,https://www.yelp.com/biz/cellar-bar-oakhurst-2?adjust_creative=BkJcGSdN3A98X2H7gLpQjA&utm_campaign=yelp_api_v3&utm_medium=api_v3_business_search&utm_source=BkJcGSdN3A98X2H7gLpQjA,bar,"Cocktail Bars, New American",4.5,10,Yelp,2026-07-02
Garden Grill,(818) 200-6584,"6006 Woodman Ave, Los Angeles, CA 91401",Los Angeles,CA,91401,https://www.yelp.com/biz/garden-grill-los-angeles-3?adjust_creative=BkJcGSdN3A98X2H7gLpQjA&utm_campaign=yelp_api_v3&utm_medium=api_v3_business_search&utm_source=BkJcGSdN3A98X2H7gLpQjA,bar,"Barbeque, Mediterranean",4.8,6,Yelp,2026-07-02
Monsoons Bar & Grill,+61747720900,"194 Flinders St, Townsville City Queensland 4810, Australia",Townsville City,QLD,4810,https://www.yelp.com/biz/monsoons-bar-and-grill-townsville-city?adjust_creative=BkJcGSdN3A98X2H7gLpQjA&utm_campaign=yelp_api_v3&utm_medium=api_v3_business_search&utm_source=BkJcGSdN3A98X2H7gLpQjA,bar,"Bars, Restaurants",3.0,2,Yelp,2026-07-02
Hapa’s Brewing,(408) 438-7572,"59 Barack Obama Blvd, San Jose, CA 95110",San Jose,CA,95110,https://www.yelp.com/biz/hapa-s-brewing-san-jose?adjust_creative=BkJcGSdN3A98X2H7gLpQjA&utm_campaign=yelp_api_v3&utm_medium=api_v3_business_search&utm_source=BkJcGSdN3A98X2H7gLpQjA,bar,"Breweries, Beer Gardens, Beer Bar",4.1,16,Yelp,2026-07-02
La Casa Blanca,(559) 721-2812,"3848 East Belmont Ave, Fresno, CA 93702",Fresno,CA,93702,https://www.yelp.com/biz/la-casa-blanca-fresno?adjust_creative=BkJcGSdN3A98X2H7gLpQjA&utm_campaign=yelp_api_v3&utm_medium=api_v3_business_search&utm_source=BkJcGSdN3A98X2H7gLpQjA,bar,Sports Bars,5.0,2,Yelp,2026-07-02
Fahy Fog & Barrel,(650) 350-2636,"684 Commercial St, San Francisco, CA 94111",San Francisco,CA,94111,https://www.yelp.com/biz/fahy-fog-and-barrel-san-francisco?adjust_creative=BkJcGSdN3A98X2H7gLpQjA&utm_campaign=yelp_api_v3&utm_medium=api_v3_business_search&utm_source=BkJcGSdN3A98X2H7gLpQjA,bar,Sports Bars,5.0,3,Yelp,2026-07-02
Pan Hookah Lounge,(408) 770-2933,"1710 Berryessa Rd, Ste 108, San Jose, CA 95133",San Jose,CA,95133,https://www.yelp.com/biz/pan-hookah-lounge-san-jose-2?adjust_creative=BkJcGSdN3A98X2H7gLpQjA&utm_campaign=yelp_api_v3&utm_medium=api_v3_business_search&utm_source=BkJcGSdN3A98X2H7gLpQjA,bar,"Hookah Bars, Lounges",4.7,48,Yelp,2026-07-02
The Red Tail,(415) 571-8066,"545 Irving St, San Francisco, CA 94122",San Francisco,CA,94122,https://www.yelp.com/biz/the-red-tail-san-francisco?adjust_creative=BkJcGSdN3A98X2H7gLpQjA&utm_campaign=yelp_api_v3&utm_medium=api_v3_business_search&utm_source=BkJcGSdN3A98X2H7gLpQjA,bar,"Wine Bars, Beer Bar",4.4,41,Yelp,2026-07-02
Criterion Tavern,+61747215777,"10 The Strand, Townsville Queensland 4810, Australia",Townsville,QLD,4810,https://www.yelp.com/biz/criterion-tavern-townsville?adjust_creative=BkJcGSdN3A98X2H7gLpQjA&utm_campaign=yelp_api_v3&utm_medium=api_v3_business_search&utm_source=BkJcGSdN3A98X2H7gLpQjA,bar,"Dance Clubs, Bars",,,Yelp,2026-07-02
The Grant Grill,(619) 744-2077,"326 Broadway, San Diego, CA 92101",San Diego,CA,92101,https://www.yelp.com/biz/grant-grill-san-diego?adjust_creative=BkJcGSdN3A98X2H7gLpQjA&utm_campaign=yelp_api_v3&utm_medium=api_v3_business_search&utm_source=BkJcGSdN3A98X2H7gLpQjA,bar,"Diners, Lounges, Breakfast & Brunch",4.1,591,Yelp,2026-07-02
Taphouse,+61747722301,"City Lane, 373 Flinders St, Townsville Queensland 4810, Australia",Townsville,QLD,4810,https://www.yelp.com/biz/taphouse-townsville?adjust_creative=BkJcGSdN3A98X2H7gLpQjA&utm_campaign=yelp_api_v3&utm_medium=api_v3_business_search&utm_source=BkJcGSdN3A98X2H7gLpQjA,bar,Beer Bar,5.0,6,Yelp,2026-07-02
The Studio Cannabis Smoking Lounge,(310) 362-1004,"8625 Santa Monica Blvd, Fl 2,3, West Hollywood, CA 90069",West Hollywood,CA,90069,https://www.yelp.com/biz/the-studio-cannabis-smoking-lounge-west-hollywood?adjust_creative=BkJcGSdN3A98X2H7gLpQjA&utm_campaign=yelp_api_v3&utm_medium=api_v3_business_search&utm_source=BkJcGSdN3A98X2H7gLpQjA,bar,"Lounges, Cannabis Dispensaries, Cocktail Bars",5.0,2,Yelp,2026-07-02
MoJo's Local Tap & Kitchen,(916) 573-3875,"1431 I St, Sacramento, CA 95814",Sacramento,CA,95814,https://www.yelp.com/biz/mojo-s-local-tap-and-kitchen-sacramento?adjust_creative=BkJcGSdN3A98X2H7gLpQjA&utm_campaign=yelp_api_v3&utm_medium=api_v3_business_search&utm_source=BkJcGSdN3A98X2H7gLpQjA,bar,"Beer Bar, American, Breweries",4.1,361,Yelp,2026-07-02
Local Vines,(925) 298-5109,"3393 Mount Diablo Blvd, Lafayette, CA 94549",Lafayette,CA,94549,https://www.yelp.com/biz/local-vines-lafayette?adjust_creative=BkJcGSdN3A98X2H7gLpQjA&utm_campaign=yelp_api_v3&utm_medium=api_v3_business_search&utm_source=BkJcGSdN3A98X2H7gLpQjA,bar,"Wine Tasting Room, Wine Bars",5.0,1,Yelp,2026-07-02
The Sage & Drifter,(415) 592-9488,"1368 Irving St, San Francisco, CA 94122",San Francisco,CA,94122,https://www.yelp.com/biz/the-sage-and-drifter-san-francisco?adjust_creative=BkJcGSdN3A98X2H7gLpQjA&utm_campaign=yelp_api_v3&utm_medium=api_v3_business_search&utm_source=BkJcGSdN3A98X2H7gLpQjA,bar,Cocktail Bars,4.8,68,Yelp,2026-07-02
Red House KBBQ,(562) 202-3865,"15925 Pioneer Blvd, Norwalk, CA 90650",Norwalk,CA,90650,https://www.yelp.com/biz/red-house-kbbq-norwalk?adjust_creative=BkJcGSdN3A98X2H7gLpQjA&utm_campaign=yelp_api_v3&utm_medium=api_v3_business_search&utm_source=BkJcGSdN3A98X2H7gLpQjA,bar,Barbeque,3.3,221,Yelp,2026-07-02
Bikini Bartenders On Demand,(310) 307-0742,"Beverly Hills, CA 90212",Beverly Hills,CA,90212,https://www.yelp.com/biz/bikini-bartenders-on-demand-beverly-hills?adjust_creative=BkJcGSdN3A98X2H7gLpQjA&utm_campaign=yelp_api_v3&utm_medium=api_v3_business_search&utm_source=BkJcGSdN3A98X2H7gLpQjA,bar,Bartenders,5.0,1,Yelp,2026-07-02
The Bistro,(559) 221-6000,"140 E Shaw Ave, Fresno, CA 93710",Fresno,CA,93710,https://www.yelp.com/biz/the-bistro-fresno?adjust_creative=BkJcGSdN3A98X2H7gLpQjA&utm_campaign=yelp_api_v3&utm_medium=api_v3_business_search&utm_source=BkJcGSdN3A98X2H7gLpQjA,bar,"American, Breakfast & Brunch, Cocktail Bars",,,Yelp,2026-07-02
Velvet Rose,(310) 933-9113,"1301 Ocean Ave, Santa Monica, CA 90401",Santa Monica,CA,90401,https://www.yelp.com/biz/velvet-rose-santa-monica?adjust_creative=BkJcGSdN3A98X2H7gLpQjA&utm_campaign=yelp_api_v3&utm_medium=api_v3_business_search&utm_source=BkJcGSdN3A98X2H7gLpQjA,bar,Lounges,,,Yelp,2026-07-02
Vignette,(818) 747-2479,"12023 Ventura Blvd, Los Angeles, CA 91604",Los Angeles,CA,91604,https://www.yelp.com/biz/vignette-los-angeles?adjust_creative=BkJcGSdN3A98X2H7gLpQjA&utm_campaign=yelp_api_v3&utm_medium=api_v3_business_search&utm_source=BkJcGSdN3A98X2H7gLpQjA,bar,"New American, Wine Bars",4.3,3,Yelp,2026-07-02
Hera Bar & Karaoke,(213) 568-3224,"3514 W 8th St, Los Angeles, CA 90005",Los Angeles,CA,90005,https://www.yelp.com/biz/hera-bar-and-karaoke-los-angeles?adjust_creative=BkJcGSdN3A98X2H7gLpQjA&utm_campaign=yelp_api_v3&utm_medium=api_v3_business_search&utm_source=BkJcGSdN3A98X2H7gLpQjA,bar,"Bars, Karaoke",4.8,28,Yelp,2026-07-02
La Fe,(323) 505-8673,"1525 Sunset Blvd, Los Angeles, CA 90026",Los Angeles,CA,90026,https://www.yelp.com/biz/la-fe-los-angeles-2?adjust_creative=BkJcGSdN3A98X2H7gLpQjA&utm_campaign=yelp_api_v3&utm_medium=api_v3_business_search&utm_source=BkJcGSdN3A98X2H7gLpQjA,bar,Lounges,4.5,73,Yelp,2026-07-02
West Hollywood Haunted Pub Crawl,(323) 590-7284,"8225 Sunset Strip, West Hollywood, CA 90046",West Hollywood,CA,90046,https://www.yelp.com/biz/west-hollywood-haunted-pub-crawl-west-hollywood?adjust_creative=BkJcGSdN3A98X2H7gLpQjA&utm_campaign=yelp_api_v3&utm_medium=api_v3_business_search&utm_source=BkJcGSdN3A98X2H7gLpQjA,bar,Pubs,5.0,2,Yelp,2026-07-02
Garden Grille,(510) 658-9300,"1800 Powell St, Emeryville, CA 94608",Emeryville,CA,94608,https://www.yelp.com/biz/garden-grille-emeryville?adjust_creative=BkJcGSdN3A98X2H7gLpQjA&utm_campaign=yelp_api_v3&utm_medium=api_v3_business_search&utm_source=BkJcGSdN3A98X2H7gLpQjA,bar,"Wine Bars, American, Cocktail Bars",4.0,4,Yelp,2026-07-02
Uptown Tavern,(619) 241-2710,"1236 University Ave, San Diego, CA 92103",San Diego,CA,92103,https://www.yelp.com/biz/uptown-tavern-san-diego?adjust_creative=BkJcGSdN3A98X2H7gLpQjA&utm_campaign=yelp_api_v3&utm_medium=api_v3_business_search&utm_source=BkJcGSdN3A98X2H7gLpQjA,bar,"New American, Lounges, Gay Bars",4.1,694,Yelp,2026-07-02
Taphouse,+61747722301,"City Lane, 373 Flinders St, Townsville Queensland 4810, Australia",Townsville,QLD,4810,https://www.yelp.com/biz/taphouse-townsville?adjust_creative=BkJcGSdN3A98X2H7gLpQjA&utm_campaign=yelp_api_v3&utm_medium=api_v3_business_search&utm_source=BkJcGSdN3A98X2H7gLpQjA,bar,Beer Bar,5.0,6,Yelp,2026-07-02
Feral Kitchen & Lounge,(805) 465-2211,"725 Higuera St, San Luis Obispo, CA 93401",San Luis Obispo,CA,93401,https://www.yelp.com/biz/feral-kitchen-and-lounge-san-luis-obispo?adjust_creative=BkJcGSdN3A98X2H7gLpQjA&utm_campaign=yelp_api_v3&utm_medium=api_v3_business_search&utm_source=BkJcGSdN3A98X2H7gLpQjA,bar,Lounges,4.5,131,Yelp,2026-07-02
Lava Lounge and Grill,(650) 392-5012,"6192 Mission St, Daly City, CA 94014",Daly City,CA,94014,https://www.yelp.com/biz/lava-lounge-and-grill-daly-city-6?adjust_creative=BkJcGSdN3A98X2H7gLpQjA&utm_campaign=yelp_api_v3&utm_medium=api_v3_business_search&utm_source=BkJcGSdN3A98X2H7gLpQjA,bar,"Hookah Bars, Lounges, Mediterranean",4.5,55,Yelp,2026-07-02
Two Pitchers Brewing,(510) 999-4939,"3821 Noriega St, San Francisco, CA 94122",San Francisco,CA,94122,https://www.yelp.com/biz/two-pitchers-brewing-san-francisco?adjust_creative=BkJcGSdN3A98X2H7gLpQjA&utm_campaign=yelp_api_v3&utm_medium=api_v3_business_search&utm_source=BkJcGSdN3A98X2H7gLpQjA,bar,"Bars, Breweries, Burgers",4.8,10,Yelp,2026-07-02
Cellar Bar,(559) 683-6860,"48644 Victoria Ln, Oakhurst, CA 93644",Oakhurst,CA,93644,https://www.yelp.com/biz/cellar-bar-oakhurst-2?adjust_creative=BkJcGSdN3A98X2H7gLpQjA&utm_campaign=yelp_api_v3&utm_medium=api_v3_business_search&utm_source=BkJcGSdN3A98X2H7gLpQjA,bar,"Cocktail Bars, New American",4.5,10,Yelp,2026-07-02
Cellar Bar,(559) 683-6860,"48644 Victoria Ln, Oakhurst, CA 93644",Oakhurst,CA,93644,https://www.yelp.com/biz/cellar-bar-oakhurst-2?adjust_creative=BkJcGSdN3A98X2H7gLpQjA&utm_campaign=yelp_api_v3&utm_medium=api_v3_business_search&utm_source=BkJcGSdN3A98X2H7gLpQjA,bar,"Cocktail Bars, New American",4.5,10,Yelp,2026-07-02
RUBS American BBQ,(450) 937-5558,"699 Boulevard Curé-Labelle, Laval, QC H7L 5R7, Canada",Laval,QC,H7L 5R7,https://www.yelp.com/biz/rubs-american-bbq-laval?adjust_creative=BkJcGSdN3A98X2H7gLpQjA&utm_campaign=yelp_api_v3&utm_medium=api_v3_business_search&utm_source=BkJcGSdN3A98X2H7gLpQjA,bar,"Barbeque, Southern",4.0,156,Yelp,2026-07-02
Bulle,(559) 375-1288,"7045 N Marks Ave, Fresno, CA 93711",Fresno,CA,93711,https://www.yelp.com/biz/bulle-fresno?adjust_creative=BkJcGSdN3A98X2H7gLpQjA&utm_campaign=yelp_api_v3&utm_medium=api_v3_business_search&utm_source=BkJcGSdN3A98X2H7gLpQjA,bar,Wine Bars,4.3,29,Yelp,2026-07-02
Taphouse,+61747722301,"City Lane, 373 Flinders St, Townsville Queensland 4810, Australia",Townsville,QLD,4810,https://www.yelp.com/biz/taphouse-townsville?adjust_creative=BkJcGSdN3A98X2H7gLpQjA&utm_campaign=yelp_api_v3&utm_medium=api_v3_business_search&utm_source=BkJcGSdN3A98X2H7gLpQjA,bar,Beer Bar,5.0,6,Yelp,2026-07-02
HAIBU,(415) 922-3100,"1625 Post St, San Francisco, CA 94115",San Francisco,CA,94115,https://www.yelp.com/biz/haibu-san-francisco?adjust_creative=BkJcGSdN3A98X2H7gLpQjA&utm_campaign=yelp_api_v3&utm_medium=api_v3_business_search&utm_source=BkJcGSdN3A98X2H7gLpQjA,bar,"Lounges, Cocktail Bars",4.4,42,Yelp,2026-07-02
Smokehouse BBQ Bar Sports Complex,(209) 772-2727,"126 Quail Oaks Rd, Valley Springs, CA 95252",Valley Springs,CA,95252,https://www.yelp.com/biz/smokehouse-bbq-bar-sports-complex-valley-springs-2?adjust_creative=BkJcGSdN3A98X2H7gLpQjA&utm_campaign=yelp_api_v3&utm_medium=api_v3_business_search&utm_source=BkJcGSdN3A98X2H7gLpQjA,bar,"Hot Dogs, Barbeque, Sports Bars",3.3,22,Yelp,2026-07-02
Hemlock Restaurant & Bar,(559) 566-2323,"48800 Royal Oaks Dr, Oakhurst, CA 93644",Oakhurst,CA,93644,https://www.yelp.com/biz/hemlock-restaurant-and-bar-oakhurst?adjust_creative=BkJcGSdN3A98X2H7gLpQjA&utm_campaign=yelp_api_v3&utm_medium=api_v3_business_search&utm_source=BkJcGSdN3A98X2H7gLpQjA,bar,"Bars, New American",4.4,32,Yelp,2026-07-02
Cellar Bar,(559) 683-6860,"48644 Victoria Ln, Oakhurst, CA 93644",Oakhurst,CA,93644,https://www.yelp.com/biz/cellar-bar-oakhurst-2?adjust_creative=BkJcGSdN3A98X2H7gLpQjA&utm_campaign=yelp_api_v3&utm_medium=api_v3_business_search&utm_source=BkJcGSdN3A98X2H7gLpQjA,bar,"Cocktail Bars, New American",4.5,10,Yelp,2026-07-02
Terrene,(415) 278-3777,"8 Mission St, San Francisco, CA 94105",San Francisco,CA,94105,https://www.yelp.com/biz/terrene-san-francisco-2?adjust_creative=BkJcGSdN3A98X2H7gLpQjA&utm_campaign=yelp_api_v3&utm_medium=api_v3_business_search&utm_source=BkJcGSdN3A98X2H7gLpQjA,bar,"Cocktail Bars, Breakfast & Brunch, American",4.1,200,Yelp,2026-07-02
Garden Grille & Lounge,(949) 224-3900,"2381 Morse Ave, Irvine, CA 92614",Irvine,CA,92614,https://www.yelp.com/biz/garden-grille-and-lounge-irvine?adjust_creative=BkJcGSdN3A98X2H7gLpQjA&utm_campaign=yelp_api_v3&utm_medium=api_v3_business_search&utm_source=BkJcGSdN3A98X2H7gLpQjA,bar,"American, Breakfast & Brunch, Lounges",4.8,4,Yelp,2026-07-02
Eden Garden Bar & Grill,(626) 440-1422,"175 E Holly St, Pasadena, CA 91103",Pasadena,CA,91103,https://www.yelp.com/biz/eden-garden-bar-and-grill-pasadena?adjust_creative=BkJcGSdN3A98X2H7gLpQjA&utm_campaign=yelp_api_v3&utm_medium=api_v3_business_search&utm_source=BkJcGSdN3A98X2H7gLpQjA,bar,"Mediterranean, Lounges, Halal",4.1,681,Yelp,2026-07-02
Paradise Lounge,(916) 594-7773,"6481 Stockton Blvd, Sacramento, CA 95823",Sacramento,CA,95823,https://www.yelp.com/biz/paradise-lounge-sacramento?adjust_creative=BkJcGSdN3A98X2H7gLpQjA&utm_campaign=yelp_api_v3&utm_medium=api_v3_business_search&utm_source=BkJcGSdN3A98X2H7gLpQjA,bar,"Karaoke, Lounges",4.4,29,Yelp,2026-07-02
Treylor Park,(912) 495-5557,"115 E Bay St, Savannah, GA 31401",Savannah,GA,31401,https://www.yelp.com/biz/treylor-park-savannah?adjust_creative=BkJcGSdN3A98X2H7gLpQjA&utm_campaign=yelp_api_v3&utm_medium=api_v3_business_search&utm_source=BkJcGSdN3A98X2H7gLpQjA,bar,"New American, Bars, Breakfast & Brunch",4.3,4796,Yelp,2026-07-02
El Rey Taquiza Artesanal,(415) 796-2139,"2491 Mission St, San Francisco, CA 94110",San Francisco,CA,94110,https://www.yelp.com/biz/el-rey-taquiza-artesanal-san-francisco?adjust_creative=BkJcGSdN3A98X2H7gLpQjA&utm_campaign=yelp_api_v3&utm_medium=api_v3_business_search&utm_source=BkJcGSdN3A98X2H7gLpQjA,bar,"Tacos, Beer Bar, Gastropubs",4.4,157,Yelp,2026-07-02
On The Vine,(661) 695-8545,"10711 Rosedale Hwy, Bakersfield, CA 93312",Bakersfield,CA,93312,https://www.yelp.com/biz/on-the-vine-bakersfield?adjust_creative=BkJcGSdN3A98X2H7gLpQjA&utm_campaign=yelp_api_v3&utm_medium=api_v3_business_search&utm_source=BkJcGSdN3A98X2H7gLpQjA,bar,"Wine Bars, Wine Tasting Room, Sports Bars",4.7,18,Yelp,2026-07-02
Basement Tavern,(310) 396-2469,"2640 Main St, Santa Monica, CA 90405",Santa Monica,CA,90405,https://www.yelp.com/biz/basement-tavern-santa-monica?adjust_creative=BkJcGSdN3A98X2H7gLpQjA&utm_campaign=yelp_api_v3&utm_medium=api_v3_business_search&utm_source=BkJcGSdN3A98X2H7gLpQjA,bar,"New American, Lounges",3.5,474,Yelp,2026-07-02
Channel 2 Sports Bar,(858) 430-6442,"3232 Greyling Dr, San Diego, CA 92123",San Diego,CA,92123,https://www.yelp.com/biz/channel-2-sports-bar-san-diego?adjust_creative=BkJcGSdN3A98X2H7gLpQjA&utm_campaign=yelp_api_v3&utm_medium=api_v3_business_search&utm_source=BkJcGSdN3A98X2H7gLpQjA,bar,"Sports Bars, Dive Bars, Cocktail Bars",4.4,85,Yelp,2026-07-02
Living Room Lounge,(619) 398-3100,"421 W B St, W San Diego, San Diego, CA 92101",San Diego,CA,92101,https://www.yelp.com/biz/living-room-lounge-san-diego-2?adjust_creative=BkJcGSdN3A98X2H7gLpQjA&utm_campaign=yelp_api_v3&utm_medium=api_v3_business_search&utm_source=BkJcGSdN3A98X2H7gLpQjA,bar,Lounges,4.5,2,Yelp,2026-07-02
The Craftsman - Brews & Bites,(424) 400-7562,"1817 S Catalina Ave, Redondo Beach, CA 90277",Redondo Beach,CA,90277,https://www.yelp.com/biz/the-craftsman-brews-and-bites-redondo-beach?adjust_creative=BkJcGSdN3A98X2H7gLpQjA&utm_campaign=yelp_api_v3&utm_medium=api_v3_business_search&utm_source=BkJcGSdN3A98X2H7gLpQjA,bar,"Brewpubs, American, Mediterranean",4.5,108,Yelp,2026-07-02
Bubba's Smokehouse BBQ,(858) 551-4227,"1051 Garnett Ave, San Diego, CA 92109",San Diego,CA,92109,https://www.yelp.com/biz/bubbas-smokehouse-bbq-san-diego-5?adjust_creative=BkJcGSdN3A98X2H7gLpQjA&utm_campaign=yelp_api_v3&utm_medium=api_v3_business_search&utm_source=BkJcGSdN3A98X2H7gLpQjA,bar,"Barbeque, American, Sports Bars",4.2,1189,Yelp,2026-07-02
Bulle,(559) 375-1288,"7045 N Marks Ave, Fresno, CA 93711",Fresno,CA,93711,https://www.yelp.com/biz/bulle-fresno?adjust_creative=BkJcGSdN3A98X2H7gLpQjA&utm_campaign=yelp_api_v3&utm_medium=api_v3_business_search&utm_source=BkJcGSdN3A98X2H7gLpQjA,bar,Wine Bars,4.4,34,Yelp,2026-07-02
D.Lounge,(213) 322-2559,"4001 W 6th St, Los Angeles, CA 90020",Los Angeles,CA,90020,https://www.yelp.com/biz/d-lounge-los-angeles?adjust_creative=BkJcGSdN3A98X2H7gLpQjA&utm_campaign=yelp_api_v3&utm_medium=api_v3_business_search&utm_source=BkJcGSdN3A98X2H7gLpQjA,bar,"Karaoke, Bars",5.0,4,Yelp,2026-07-02
The Botanist,(661) 374-4807,"930 18th St, Bakersfield, CA 93301",Bakersfield,CA,93301,https://www.yelp.com/biz/the-botanist-bakersfield?adjust_creative=BkJcGSdN3A98X2H7gLpQjA&utm_campaign=yelp_api_v3&utm_medium=api_v3_business_search&utm_source=BkJcGSdN3A98X2H7gLpQjA,bar,"Cocktail Bars, American",4.4,427,Yelp,2026-07-02
Garden Grille,(510) 658-9300,"1800 Powell St, Emeryville, CA 94608",Emeryville,CA,94608,https://www.yelp.com/biz/garden-grille-emeryville?adjust_creative=BkJcGSdN3A98X2H7gLpQjA&utm_campaign=yelp_api_v3&utm_medium=api_v3_business_search&utm_source=BkJcGSdN3A98X2H7gLpQjA,bar,"Wine Bars, American, Cocktail Bars",4.0,4,Yelp,2026-07-02
House of Prime Rib,(415) 885-4605,"1906 Van Ness Ave, San Francisco, CA 94109",San Francisco,CA,94109,https://www.yelp.com/biz/house-of-prime-rib-san-francisco?adjust_creative=BkJcGSdN3A98X2H7gLpQjA&utm_campaign=yelp_api_v3&utm_medium=api_v3_business_search&utm_source=BkJcGSdN3A98X2H7gLpQjA,bar,"American, Steakhouses, Wine Bars",4.2,10139,Yelp,2026-07-02
Tom's Burger,,115 E College Ave,Lompoc,CA,93436,,bar,Burger Joint,,,WebSearch,2026-07-02
TOM's Famous Family Restaurant,(760) 241-7770,14084 Amargosa Rd #180,Victorville,CA,92392,,bar,Family Restaurant,,,WebSearch,2026-07-02
Tom's Drive-In,(661) 729-5777,1805 W Avenue J,Lancaster,CA,93534,,bar,Drive-In Restaurant,,,WebSearch,2026-07-02
